OBJECTID,GIS_ID,NAME,ALPHA_CODE,PARK_CODE,LOCATION,AQUIRED,TRANS_DC,SOURCE,RESERVE,LABEL,Shape_Length,Shape_Area,SQUARE,SUFFIX,LOT,SSL,PAR
1,Nps_060,Fort Circle Park,ROCR,832,"Fort Reno Park To Rock Creek Park , NW",6,,NPS,515,Fort Circle Park,3450.23047492012,114066.748272879,MULTI-SQUARES,,0000,RES 05150000,
2,Nps_087,Fort Circle Park,ROCR,832,"Fort Totten Park To Barnard Hill, NE","6, 8",,NPS,451,Fort Circle Park,856.712577276605,19801.0209228915,0000,,0000,RES 04510000,
3,Nps_081,Fort Circle Park,ROCR,832,"Fort Totten Park To Barnard Hill, NE","6, 8",,NPS,451,Fort Circle Park,952.759982412839,6071.46956271813,0000,,0000,RES 04510000,
4,Nps_061,Fort Circle Park,ROCR,832,"Fort Totten Park To Barnard Hill, NE","6, 8",,NPS,451,Fort Circle Park,1154.49307427285,39763.5878830868,0000,,0000,RES 04510000,
5,Nps_543,Fort Circle Park,ROCR,832,"Fort Totten Park To Barnard Hill, NE","6, 8",,NPS,451,Fort Circle Park,2600.06314286191,73493.17116267,0000,,0000,RES 04510000,
6,Nps_058,Fort Circle Park,ROCR,832,"Fort Totten Park To Barnard Hill, NE","6, 8",,NPS,451,Fort Circle Park,1455.08664614403,60630.0523660797,0000,,0000,RES 04510000,
7,Nps_504,Fort Circle Park,ROCR,832,"Fort Totten Park To Barnard Hill, NE","6, 8",,NPS,451,Fort Circle Park,1262.75403561992,67317.6997410161,0000,,0000,RES 04510000,
8,Nps_094,Fort Circle Park,ROCR,832,"American University Park To Fort Reno Park, NW","6, 8",,NPS,542,Fort Circle Park,558.380428108974,3268.65612012796,"1599,1768,1772,1778,1779",,0000,RES 05420000,
9,Nps_074,Fort Circle Park,ROCR,832,"American University Park To Fort Reno Park, NW","6, 8",,NPS,542,Fort Circle Park,470.144077604621,2912.44284765894,"1599,1768,1772,1778,1779",,0000,RES 05420000,
10,Nps_070,Fort Circle Park,ROCR,832,"American University Park To Fort Reno Park, NW","6, 8",,NPS,542,Fort Circle Park,261.082201617073,1512.7755469831,"1599,1768,1772,1778,1779",,0000,RES 05420000,
11,Nps_181,Archbold Parkway,ROCR,836,Macarthur Boulevard & 44th St. NW,"5, 6, 7, 8, 9",,NPS,450,Archbold Parkway,1945.84067281396,126397.995214877,,,,RES 04500000,
12,Nps_156,Archbold Parkway,ROCR,836,"West Side Glover Archbold Parkway, Between U st. & Reservoir","6, 7, 8, 10",,NPS,450A,Archbold Parkway,1466.03172693916,70611.2477429538,,,,RES 0450A000,
13,Nps_157,Archbold Parkway,ROCR,836,"East Side Glover Archbold Parkway, Between U st. & Reservoir Rd.","7, 8, 10",,NPS,450B,Archbold Parkway,1467.98205856641,73617.1270836638,,,,RES 0450B000,
14,Nps_064,Fort Circle Park,ROCR,832,"American University Park To Fort Reno Park, NW","6, 8",,NPS,542,Fort Circle Park,665.788937217115,6080.93135378706,"1599,1768,1772,1778,1779",,0000,RES 05420000,
15,Nps_092,Rock Creek Park & Piney Branch Parkway,ROCR,821,"Klingle Rd. To DC Line, West Of 16th St., NW","5,6,7,8",,NPS,339,Rock Creek Park & Piney Branch Parkway,884.255928847576,35501.3292629617,0000,,0000,RES 03390000,
16,Nps_113,Fort Circle Park,ROCR,832,"Barnard Hill To Ft. Lincoln, NE",6,,NPS,520,Fort Circle Park,666.014246968439,15766.8360684605,4303,,0000,RES 05200000,
17,Nps_123,Fort Circle Park,ROCR,832,"Barnard Hill To Ft. Lincoln, NE",6,,NPS,520,Fort Circle Park,557.739828570966,10131.7011522489,4303,,0000,RES 05200000,
18,Nps_098,Fort Circle Park,ROCR,832,"Barnard Hill To Ft. Lincoln, NE",6,,NPS,520,Fort Circle Park,256.382808042638,2648.32876010735,4303,,0000,RES 05200000,
19,Nps_112,Fort Circle Park,ROCR,832,"Barnard Hill To Ft. Lincoln, NE",6,,NPS,520,Fort Circle Park,176.793945143258,1757.54651484,4303,,0000,RES 05200000,
20,Nps_102,Fort Circle Park,ROCR,832,"Barnard Hill To Ft. Lincoln, NE",6,,NPS,520,Fort Circle Park,169.167718872655,1726.16684648348,4303,,0000,RES 05200000,
21,Nps_106,Fort Circle Park,ROCR,832,"Barnard Hill To Ft. Lincoln, NE",6,,NPS,520,Fort Circle Park,156.250947990257,1357.23759497567,4303,,0000,RES 05200000,
22,Nps_101,Fort Circle Park,ROCR,832,"Barnard Hill To Ft. Lincoln, NE",6,,NPS,520,Fort Circle Park,145.307941565462,1268.23842171872,4303,,0000,RES 05200000,
23,Nps_104,Fort Circle Park,ROCR,832,"Barnard Hill To Ft. Lincoln, NE",6,,NPS,520,Fort Circle Park,208.590041644716,1132.40499025891,4303,,0000,RES 05200000,
24,Nps_111,Fort Circle Park,ROCR,832,"Barnard Hill To Ft. Lincoln, NE",6,,NPS,520,Fort Circle Park,114.518839661288,562.525695527692,4303,,0000,RES 05200000,
25,Nps_099,Fort Circle Park,ROCR,832,"Barnard Hill To Ft. Lincoln, NE",6,,NPS,520,Fort Circle Park,85.3436377604593,371.610408578095,4303,,0000,RES 05200000,
26,Nps_284,Thompson's Boat House,CHOH,844,End Of Rock Creek and Potomac Parkway To Potomac River, ,,NPS,360,Thompson's Boat House,523.52828587713,8634.29790228307,0000,,0000,RES 04040000,
27,Nps_263,Chesapeake & Ohio Canal National Historical Park,CHOH,412,From Rock Creek and Potomac Parkway Along Potomac River To DC Line,4,,NPS,404,Chesapeake & Ohio Canal National Historical Park,1670.05157790227,32168.992896228,0000,,0000,RES 04040000,
28,Nps_260,Chesapeake & Ohio Canal National Historical Park,CHOH,412,From Rock Creek and Potomac Parkway Along Potomac River To DC Line,4,,NPS,404,,164.731328223622,1634.22905253142,0000,,0000,RES 04040000,
29,Nps_256,Chesapeake & Ohio Canal National Historical Park,CHOH,412,From Rock Creek and Potomac Parkway Along Potomac River To DC Line,4,,NPS,404,,197.054078550314,1803.299065382,0000,,0000,RES 04040000,
30,Nps_231,Triangle,NACC,876,"New York Ave., Between 1st & M Sts., NW",1,,NPS,181,,211.535581390727,1911.10990187483,0000,,0000,RES 01810000,
31,Nps_239,Triangle,NACC,876,"New York Ave., Between 1st & M Sts., NW",1,,NPS,181,,48.221302243047,62.4792550801147,0000,,0000,RES 01810000,
32,Nps_222,Triangle,NACC,876,"New York Ave. & N St., West Of North Capitol St. NW",1,,NPS,182,,37.049534294841,47.1130435081238,0000,,0000,RES 01820000,
33,Nps_224,Triangle,NACC,876,"New York Ave. & N St., West Of North Capitol St. NW",1,,NPS,182,,21.7284806239122,31.865017688894,0000,,0000,RES 01820000,
34,Nps_219,Triangle,NACC,876,"New York Ave., Between North Capitol St. & N st.,",1,,NPS,183,,28.5603820314363,34.9366040875156,0000,,0000,RES 01830000,
35,Nps_216,Triangle,NACC,876,"New York Ave., Between North Capitol St. & N St.,",1,,NPS,183,,25.4037837727147,43.2523933066829,0000,,0000,RES 01830000,
36,Nps_199,Potomac Palisades Parkway,ROCR,847,"Key Bridge To DC Line, NW","5, 6, 7, 8, 9",,NPS,404,,438.115961014869,10399.6983050214,1361,,0805,1361    0805,
37,Nps_169,Triangle,NACC,876,"Vermont Ave., Between 10th & T Sts., NW",1,,NPS,169,,44.247855056721,109.215489882443,0000,,0000,RES 01690000,
38,Nps_168,Triangle,NACC,876,"Vermont Ave., Between 10th & T Sts., NW",1,,NPS,169,,65.7927519623343,176.65705417027,0000,,0000,RES 01690000,
39,Nps_162,Triangle,NACC,876,"Vermont Ave., Between 10th & U Sts., NW",1,,NPS,170,,139.269023711489,1146.45535889943,0000,,0000,RES 01700000,
40,Nps_164,Triangle,NACC,876,"Vermont Ave., Between 10th & U Sts., NW",1,,NPS,170,,94.7402582640228,320.982423791662,0000,,0000,RES 01700000,
41,Nps_150,Center Parking,ROCR,878,"Connecticut Ave. & Belmont Rd., NW",8,,NPS,303A &,,121.020213269804,882.660245159256,0000,,0000,RES 303A0000,
42,Nps_146,Potomac Palisades Parkway,ROCR,847,"Key Bridge To DC Line, NW","5, 6, 7, 8, 9",,NPS,404,,638.670226019083,11644.953346823,1388,E,0805,1388E   0805,
43,Nps_144,Normanstone Parkway,ROCR,857,"Massachusetts Ave., Between Garfield & Normanstone Dr., NW","6, 8",,NPS,514,Normanstone Parkway,627.475034121544,6568.24072340696,0000,,0000,RES 05140000,
44,Nps_139,"6, 8",ROCR,857,"Massachusetts Ave., Between Garfield & Normanstone Dr., NW","6, 8",,NPS,514,,2253.82401900112,99458.2018007825,,,,RES 05140000,
45,Nps_539, , ,0, , ,,NPS, ,,1258.30308153977,58581.1452111801,0000,,0000,RES 04210000,
46,Nps_134,Glover Parkway & Children's Playground,ROCR,836,"44th & U Sts., NW","6, 7, 8, 10",,NPS,351,Glover Parkway & Children's Playground,2769.8785034607,247811.173611284,,,,RES 03510000,
47,Nps_136,Glover Parkway & Children's Playground,ROCR,836,"42nd & U Sts., NW","6, 7, 8, 10",,NPS,351A,Glover Parkway & Children's Playground,2417.4351321205,128838.715907113,,,,RES 0351A000,
48,Nps_037,Fort Circle Park,ROCR,832,"Fort Stevens Park To Fort Slocum Park, NW","6, 8",,NPS,494,Fort Circle Park,84.9861830473818,274.802863786238,MULTI-SQUARES & PARCELS,,0000,RES 04940000,
49,Nps_383,Fort Chaplin Park,NACE,881,"South Of East Capitol St., Between Chaplin St. & T St.",6,,NPS,609,Fort Chaplin Park,1528.77932474183,118023.521426009,"5404,5406",,0000,RES 06090000,
50,Nps_407,Fort Circle Park,NACE,832,"Fort Mahan Park To Fort Dupont Park, SE",6,,NPS,500,Fort Circle Park,137.974440896084,866.89102320178,5397,,0800,5397    0800,
51,Nps_367,Triangle,NACE,893,"42nd & Blaine St., NE",10,,NPS,718A,,117.630502130972,536.684690537904,5086,,0000,RES 718A0000,
52,Nps_370,Triangle,NACE,893,"Benning Rd. & Blaine St., NE", 10,,NPS,718,,75.2976275225156,210.91710184059,5086,,0000,RES 07180000,
53,Nps_472,Fort Circle Park,NACE,832,"Fort Dupont To Fort Stanton Park, SE","6, 8",,NPS,518,Fort Circle Park,2839.89436289753,198717.834059492,0000,,0000,RES 404M0000,
54,Nps_466,Triangle,NACE,892,"Pennsylvania Ave., Between O & 28th Sts., SE",8,,NPS,336A,,225.327608547278,1873.43172406263,5551,,0000,RES 336A0000,
55,Nps_476,Triangle,NACE,878,"Water St., Between Half & T Sts., SW",1,,NPS,296,,194.549791433195,1145.06392779765,0000,,0000,RES 02960000,
56,Nps_449,Triangle,NACE,875,"Virgina Ave., Between West Side Of 7th & K sts., SE",1,,NPS,124,,219.747107099164,988.71654575701,0000,,0000,RES 01240000,
57,Nps_438,Triangle,NACE,875,"Virginia Ave., & I St. To 4th & 5th Sts., SE",1,,NPS,122,,92.2091499066421,487.845578696976,0000,,0000,RES 01220000,
58,Nps_416,Marion Park,NACE,823,"E st., Between 4th & 6th Sts., SE",1,,NPS,018,Marion Park,406.778015755117,6167.90189971291,0821,S,0000,RES 00180000,
59,Nps_110,Glover Parkway & Children's Playground,ROCR,836,"Massachusetts & Cathedral Aves., NW","6, 7",,NPS,351I,Glover Parkway & Children's Playground,1321.68882305313,41403.5050548278,,,,RES 0351I000,
60,Nps_380, , ,0, , ,,NPS,DELETE,,813.390930639072,46951.1674626736,1128,,0804,1128    0804,
61,Nps_308,Fort Mahan Park,NACE,885,"Benning Rd., Between 42nd & Grant Sts., NE","5, 6",,NPS,475,Fort Mahan Park,1833.17628668971,143443.112259278,"5078,5079,5080,5081,5082,5087",,0000,RES 04750000,
62,Nps_243,Triangle,NACE,893,"M St. & Maryland Ave., NE",6,,NPS,695,,213.45838104702,1754.23612675175,4465,,0000,RES 06950000,
63,Nps_312,Triangle,NACE,877,"Maryland Ave., & F st. East Of 12th St.,, NE",1,,NPS,211,,84.5427222354131,279.344468673019,0000,,0000,RES 02110000,
64,Nps_317,Triangle,NACE,877,"Maryland Ave., Between 11th & F Sts., NE",1,,NPS,210,,136.283666116134,714.841394172474,0000,,0000,RES 02100000,
65,Nps_114,Glover Parkway & Children's Playground,ROCR,836,"Massachusetts Ave., NW","7, 10",,NPS,351H,Glover Parkway & Children's Playground,799.154011629384,22868.0189315216,,,,RES 0351H000,
66,Nps_089,Glover Parkway & Children's Playground,ROCR,836,"North Of Massachusetts Ave., NW","6, 7",,NPS,351J,Glover Parkway & Children's Playground,2660.87026652083,90882.6375905956,,,,RES 0351J000,
67,Nps_086,Glover Parkway & Children's Playground,ROCR,836,"North Of Massachusetts Ave., West Of 39th St., NW","6, 7, 10",,NPS,351K,Glover Parkway & Children's Playground,2904.73070551151,68132.1841610719,,,,RES 0351K000,
68,Nps_264,Triangle,NACE,878,"Florida Ave., Between 9th & West Virginia Ave. , NE",1,,NPS,281,,70.5801121765057,175.568288641031,0000,,0000,RES 02810000,
69,Nps_237,Triangle,NACE,878,"Florida Ave., Between M & East Of 6th Sts., NE",1,,NPS,280,,34.6873375908658,49.0473104386991,0280,,0000,RES 02800000,
70,Nps_323,Triangle,NACE,877,"Maryland Ave., Between 10th & E Sts., NE",1,,NPS,209,,97.4275797474724,292.838691363666,0000,,0000,RES 02090000,
71,Nps_326,Triangle,NACE,877,"Maryland Ave., Between 9th & E Sts., NE",1,,NPS,208,,71.2251873229506,231.1769924986,0000,,0000,RES 02080000,
72,Nps_333,Triangle,NACE,877,"Maryland Ave., Between 7th & D Sts., NE",1,,NPS,207,,70.6508817642056,195.76221603975,0000,,0000,RES 02070000,
73,Nps_336,Triangle,NACE,877,"Maryland Ave. & D st., East Of 9th St., NE",1,,NPS,206,,96.2850493474452,369.399193693972,0000,,0000,RES 02060000,
74,Nps_381,Lincoln Park,NACE,810,"East Capitol St., Between 11th &13th Sts., NE & SE",1,,NPS,014,Lincoln Park,719.360572061917,28136.8708877234,0988,,0000,RES 00140000,
75,Nps_342,Stanton Park,NACE,820,"C St., Between 4th & 6th Sts., NE",1,,NPS,015,Stanton Park,493.05437738435,15806.310395061,0813,S,0000,RES 00150000,
76,Nps_338,Triangle,NACC,875,"Massachusetts Ave., Between 3rd & D Sts., NE",1,,NPS,083,,91.6021993348722,382.516867035459,0000,,0000,RES 00830000,
77,Nps_335,Triangle,NACC,875,"Massachusetts Ave., Between 2nd & D Sts., NE",1,,NPS,082,,104.967407307656,410.707750010702,0000,,0000,RES 00820000,
78,Nps_398,Triangle,NACE,840,"North Carolina & Pennsylvania Ave. To 5th & C Sts, SE",1,,NPS,042,,160.014805762014,1225.97474654821,0843,S,0000,RES 00430000,
79,Nps_400,Triangle,NACE,840,"North Carolina Ave., Between 5th & C Sts., SE",1,,NPS,039,,160.365949767077,1232.13372614282,0819,S,0000,RES 00380000,
80,Nps_406,Folger Park,NACE,822,"D St., Between 2nd & 3rd Sts., SE",1,,NPS,016,Folger Park,363.626968093111,7867.4736148134,0763,S,0000,RES 00160000,
81,Nps_394,Center Parking,NACE,840,"Pennsylvania Ave., Between 3rd & 4th Sts.SE",8,,NPS,037B,,269.486062771519,1577.16974124377,0790,,0000,RES 037B0000,
82,Nps_397,Center Parking,NACE,840,"Pennsylvania Ave., Between North Carolina Ave. & 4th St, SE",8,,NPS,038A,,182.060742313275,1016.24095922728,0819,S,0000,RES 038A0000,
83,Nps_401,Center Parking,NACE,840,"Pennsylvania Ave., Between North Carolina Ave. & 6th St., SE",8,,NPS,041A,,182.367104857844,1002.44658315613,0843,S,0000,RES 041A0000,
84,Nps_403,Center Parking,NACE,840,"Pennsylvania Ave, Between 6th & 7th sts., SE",8,,NPS,041B,,435.809145205149,2579.79511335382,0874,,0000,RES 041B0000,
85,Nps_408,Center Parking,NACE,840,"Pennsylvania  Ave., Between 7th & 8th sts., SE",1,,NPS,044A,,218.861974955998,1271.83725957825,0901,S,0000,RES 044A0000,
86,Nps_411,Center Parking,NACE,840,"Pennsylvania Ave., Between 8th & 9th Sts.SE",8,,NPS,047A,,222.744604586365,1254.66909154879,0924,S,0000,RES 047A0000,
87,Nps_413,Center Parking,NACE,840,"Pennsylvania Ave., Between 9th & 10th Sts.SE",8,,NPS,047B,,211.67636782307,1159.05763362215,0948,,0000,RES 047B0000,
88,Nps_415,Center Parking,NACE,840,"Pennsylvania Ave., Between 10th & 11th Sts., SE",8,,NPS,050A,,199.250697828264,1053.87101590606,0973,,0000,RES 050A0000,
89,Nps_417,Triangle,NACE,840,"Pennsylvania Ave., Between 10th & E Sts., SE",1,,NPS,050,,97.2537027532755,352.297205709715,0973,,0000,RES 00500000,
90,Nps_419,Triangle,NACE,840,"Pennsylvania Ave., Between 12th & E Sts., SE",1,,NPS,051,,132.7730467481,651.482590413669,0994,,0000,RES 00510000,
91,Nps_418,Center Parking,NACE,840,"Pennsylvania Ave., Between 11th & 12th Sts., SE",1,,NPS,051A,,232.317250444926,1306.37948957405,0994,,0000,RES 051A0000,
92,Nps_423,Center Parking,NACE,840,"Pennsylvania Ave., Between 12th & 13th Sts., SE",8,,NPS,052A,,366.726845671707,2252.70860872852,1019,S,0000,RES 052A0000,
93,Nps_426,Triangle,NACE,840,"Pennsylvania Ave., Between 13th & G Sts., SE",8,,NPS,052,,104.115548715141,437.375297565859,1019,S,0000,RES 00520000,
94,Nps_431, , ,0, , ,,NPS,054M,,22.4188452650744,27.760127794349,0000,,0000,RES 054E0000,
95,Nps_436,Triangle,NACE,840,"Pennsylvania  Ave., Between Potomac & 14th sts., SE", ,,NPS,054C,,30.8010321909005,45.2062565107894,0000,,0000,RES 054F0000,
96,Nps_432,Triangle,NACE,840,North Side Pennsylvania  Ave. At Potomac Ave, ,,NPS,054E,,123.557820400357,680.232490670318,1046,NE,0000,RES 00540000,
97,Nps_433,Triangle,NACE,840,"South Side Pennsylvania Ave. At Potomac Ave., SE", ,,NPS,054F,,167.630570340243,933.390676892579,1046,NE,0000,RES 054D0000,
98,Nps_434,Center Parking,NACE,840,"Pennsylvania  Ave & Potomac Aves., SE", ,,NPS,054D,,114.236981827873,519.859487602713,1046,NE,0000,RES 054C0000,
99,Nps_435,Center Parking,NACE,840,"Pennsylvania  Ave., Between 14th & 15th sts., SE", ,,NPS,054A,,274.883917151787,1593.05657001471,1065,,0000,RES 054A0000,
100,Nps_439,Center Parking,NACE,840,"Pennsylvania  Ave., Between 15th & 16th sts., SE", ,,NPS,054B,,392.933593040625,2335.42946649832,1078,,0000,RES 054B0000,
101,Nps_425,Benjamin Banneker Park,NACC,893,"10th St. Overlook & Maine Ave., SW",9,,NPS,719,Benjamin Banneker Park,1520.11507471413,20734.3762890392,"0355,0389",,0000,RES 07190000,
102,Nps_399,Park,NACC,875,"C St., Between 7th & 9th Sts., SW",1,,NPS,113,,391.079314305606,5340.10039653797,0000,,0000,RES 01130000,
103,Nps_404,Triangle,NACC,875,"Virginia Ave., Between 6th & D Sts., SW",1,,NPS,115,,79.0892313677565,307.981044429284,0000,,0000,RES 01150000,
104,Nps_478,Park,NACE,892,"V St., Between 1st & Canal Sts., SW",9,,NPS,467,,938.730444710517,15881.8702119625,0613,,0000,RES 04670000,
105,Nps_473,Fort Davis,NACE,882,"Pennsylvania & Alabama Aves., SE","8, 9",,NPS,336,Fort Davis,972.884544493737,53935.811768866,0000,,0000,RES 03360000,
106,Nps_479,Frederick Douglass Home,NACE,833,"1411 W St., SE",10,,NPS,716,Frederick Douglass Home,815.168830936185,34405.7070152691,PAR ,,0006,PAR 02250006,0225
107,Nps_458,Twining Square,NACE,892,"Pennsylvania Ave., Between Minnesota Ave. & 25th St., SE",8,,NPS,487,Twining Square,316.125631625436,1301.89869507974,5560,,0000,RES 487C0000,
108,Nps_455,"Anacostia Park, Section D",NACE,831,"Anacostia River, Between Sousa & 11th St. Bridges,","6, 9",,NPS,343D,Anacostia Park,2621.98124427746,203716.851388633,PAR ,,0037,PAR 02170037,0217
109,Nps_459,Center Parking,NACE,892,"Pennsylvania Ave., East Of Minnesota., SE",8,,NPS,487A,,174.579685119158,1148.23369023782,5556,,0000,RES 04870000,
110,Nps_429,Triangle,NACE,840,"Pennsylvania  Ave., Between Potomac & 14th sts., SE", ,,NPS,054,,374.732555094623,2205.86130614911,1044,,0000,RES 053A0000,
111,Nps_428,Center Parking,NACE,840,"Pennsylvania  Ave., Between 13th & 14th sts., SE", ,,NPS,053A,,122.805353771022,584.839584286886,1044,,0000,RES 053A0000,
112,Nps_389,Center Parking,NACE,840,"Pennsylvania Ave., Between 2nd & 3rd Sts.SE",8,,NPS,037A,,78.3170889650532,178.777642548826,0762,,0000,RES 00370000,
113,Nps_391,Center Parking,NACE,840,"Pennsylvania Ave., Between 2nd & 3rd Sts.SE",8,,NPS,037A,,45.1016067036525,97.6585784885608,0762,,0000,RES 00370000,
114,Nps_508,Washington Monument & Grounds,NACC,807,"14th To 17th Sts., E St. To Constitution Ave., NW",1,,NPS,002,Washington Monument & Grounds,3272.26686473369,422503.536213325,0000,,0000,RES 00020000,
115,Nps_372,Triangle,ROCR,892,"3rd st., Between Pennsylvania & Constitution Ave.,","3, 8",,NPS,553,,122.544975002707,759.580184952491,0533,S,0000,RES 05530000,
116,Nps_053,Fort Circle Park,ROCR,832,"Fort Reno Park To Rock Creek Park , NW",6,,NPS,515,Fort Circle Park,141.684944078039,953.179228694589,MULTI-SQUARES,,0000,RES 05150000,
117,Nps_057,Fort Circle Park,ROCR,832,"Fort Reno Park To Rock Creek Park , NW",6,,NPS,515,Fort Circle Park,156.515319565581,818.012174937464,MULTI-SQUARES,,0000,RES 05150000,
118,Nps_059,Fort Circle Park,ROCR,832,"Fort Reno Park To Rock Creek Park , NW",6,,NPS,515,Fort Circle Park,397.944135206748,7334.97608319058,MULTI-SQUARES,,0000,RES 05150000,
119,Nps_034,Fort Circle Park,ROCR,832,"Fort Reno Park To Rock Creek Park , NW",6,,NPS,515,Fort Circle Park,114.525857046231,779.45617647529,"2027,2290",,0000,RES 05150000,
120,Nps_032,Fort Circle Park,ROCR,832,"Fort Reno Park To Rock Creek Park , NW",6,,NPS,515,Fort Circle Park,806.819473341306,22421.1895035468,"2027,2290",,0000,RES 05150000,
121,Nps_299,Triangle,NACC,875,"Massachusetts Ave., Between 1st & G Sts., NW",8,,NPS,077A,,132.961419366852,352.006829312778,0000,,0000,RES 077B0000,
122,Nps_306,Triangle,NACC,875,"Massachusetts Ave., Between New Jersey Ave. & G St.",8,,NPS,077B,,92.9988533841805,301.855399419971,0000,,0000,RES 077A0000,
123,Nps_132,Park,ROCR,821,North Side Of Zoo,"8, 9",,NPS,563,,252.568547456603,3512.84302907354,2587,W,0814,2587W   0814,
124,Nps_116,Park,ROCR,821,North Side Of Zoo,"8, 9",,NPS,563,,7339.41966182743,624084.149403201,PAR ,,0006,PAR 00670006,0067
125,Nps_147,Curb Parking,ROCR,878,"Ashmeade Pl., Between Connecticut Ave. & Kalorama Rd.",8,,NPS,303D,,148.395989677225,881.691723292245,0000,,0000,RES 303D0000,
126,Nps_161,Triangle,ROCR,878,"Connecticut Ave., Between Columbia Rd. & California. St.",8,,NPS,303,,160.405921329593,717.639807840313,2356,S,0000,RES 03030000,
127,Nps_152,Triangle,NACC,877,"Florida Ave., Between V st. & West Of Ontario Rd., NW",1,,NPS,271,,53.6547090854894,90.6286609781984,0000,,0000,RES 02710000,
128,Nps_178,Triangle,NACC,876,"Vermont Ave. & 11th St., North Of R St. NW",8,,NPS,167,,21.435290851823,25.6558145768201,0000,,0000,RES 01670000,
129,Nps_177,Triangle,NACC,893,"Vermont Ave & 11th St., South Of S St., NW",8,,NPS,682,,112.044583874477,322.13540092359,0000,,0000,RES 06820000,
130,Nps_171,Triangle,NACC,893,"Vermont Ave. & 11th St., North Of S St., NW",8,,NPS,683,,95.8893608195383,258.391331634969,0000,,0000,RES 06830000,
131,Nps_206,Triangle,NACC,877,"Florida Ave., Between P & West Of 1st Sts., NE",1,,NPS,278,,27.8341004610013,29.1877005942563,0000,,0000,RES 02780000,
132,Nps_218,Triangle,NACC,877,"Florida Ave., Between N & West Of 4th Sts., NE",1,,NPS,279,,26.1007237651319,36.4185366061179,0000,,0000,RES 02790000,
133,Nps_209,Triangle,NACC,876,"New York Ave., Between 1st & O Sts., NE",1,,NPS,184,,65.2343306716652,158.640413273129,0000,,0000,RES 01840000,
134,Nps_318,Judiciary Square,NACC,0,"D To G Sts., & 4th To 5th Sts., NW",1,1970-02-11T00:00:00.000Z,NPS,007,Judiciary Square,420.487224461413,8634.610886397,0488,E,0800,0488E   0800,
135,Nps_348,Triangle,NACC,875,"Virginia Ave., Between 19th & C Sts., NW",1,,NPS,108,,212.83465607699,1349.79019395849,0128,,0000,RES 01080000,
136,Nps_232,Old stone House,ROCR,864,"3051 M St., NE",6,,NPS,693,Old stone House,205.664244354605,1690.02969850367,1209,,0000,RES 06930000,
137,Nps_093,Melvin C. Hazen Park,ROCR,861,"South Of Tilden St., East & West Of Connecticut Ave., NW",6,,NPS,630,Melvin C. Hazen Park,3457.65031363081,168113.80952833,,,0000,RES 06300000,
138,Nps_462,Center Parking,NACE,892,"Pennsylvania Ave., East Of Prout St., SE", ,,NPS,487D,,80.6947675656688,252.108894105953,5560,,0000,RES 04870000,
139,Nps_461,Center Parking,NACE,892,"Pennsylvania Ave., West Of Minnesota., SE", ,,NPS,487C,,199.819478236852,1324.61282667819,5560,,0000,RES 04870000,
140,Nps_523,Piney Branch Portal,ROCR,892,"Piney Branch Rd. & Eastern Ave., NW",8,,NPS,531,Piney Branch Portal,349.58092548665,2208.00965250988,3350,,0000,RES 05310000,
141,Nps_524,Piney Branch Portal,ROCR,892,"Piney Branch Rd. & Eastern Ave., NW",8,,NPS,531,Piney Branch Portal,166.461094073399,1452.13375883318,3350,,0000,RES 05310000,
142,Nps_503,Square E. 667,NACE,878,"Half & North Side Of V sts., SW",1,,NPS,295,,310.180370762661,4357.57564022046,0667,E,0000,RES 02950000,
143,Nps_502,Triangle,NACE,892,"Water & V Sts., At Bulkhead, SE",10,,NPS,562,,153.819196021906,710.415447160642,0667,E,0000,RES 02950000,
144,Nps_460,Center Parking,NACE,892,"Pennsylvania Ave., East Of Minnesota., SE", ,,NPS,487B,,218.024660518028,1888.42350397101,5556,,0000,RES 04870000,
145,Nps_474,Fort Circle Park,NACE,832,"Fort Dupont To Fort Stanton Park, SE","6, 8",,NPS,518,Fort Circle Park,748.995263944421,33644.8476496413,5634,,0804,5634    0804,
146,Nps_278,Triangle,NACE,878,"Florida Ave., & I st., West Of Orren St., NE",1,,NPS,283,,34.9799651811845,46.4645928247587,0000,,0000,RES 02830000,
147,Nps_388,Center Parking,NACE,840,"Pennsylvania Ave., Between 2nd & 3rd Sts.SE",8,,NPS,037A,,158.479622122594,637.907541859345,0762,,0000,RES 037A0000,
148,Nps_393,Center Parking,NACE,840,"Pennsylvania Ave., Between 2nd & 3rd Sts.SE",8,,NPS,037A,,102.59930196472,500.480803566203,0762,,0000,RES 037A0000,
149,Nps_376,Triangle,NACE,877,"Maryland Ave., Between 2nd & Constitution Ave., NE",1,,NPS,204,,160.583687300592,738.078610648017,0000,,0000,RES 02040000,
150,Nps_375,Triangle,NACE,877,"Maryland Ave., Between 2nd & Constitution Ave., NE",1,,NPS,204,,92.8197615089833,433.516792264604,0000,,0000,RES 02040000,
151,Nps_368,Triangle,NACE,877,"Maryland Ave., Between 3rd & Constitution Ave., NE",1,,NPS,205,,121.965102871943,514.100054540155,0000,,0000,RES 02050000,
152,Nps_363,Triangle,NACE,877,"Maryland Ave., Between 3rd & Constitution Ave., NE",1,,NPS,205,,49.4105990465502,114.24431081844,0000,,0000,RES 02050000,
153,Nps_361,Triangle - Mellon Fountain,NACC,892,"6th st., Between Pennsylvania & Constitution Aves.","3, 8",,NPS,546,Mellon Fountain,173.420269562458,1429.23352407114,0461,E,0000,RES 05460000,
154,Nps_369,Triangle - Mellon Fountain,NACC,892,"6th st., Between Pennsylvania & Constitution Aves.","3, 8",,NPS,546,,113.65139413074,313.69070999968,0461,E,0000,RES 05460000,
155,Nps_349,"The Mall, L'enfant Square",NACC,802,"9th To 7th St., NW & Constitution Ave., Nw To Independence Avenue, SW",1,,NPS,03A,,181.698104926026,2110.80946662072,0432,S,0000,RES 00350000,
156,Nps_345,Triangle,NACC,840,"7th & 9th Sts. To Above Pennsylvania Ave., NW",1,,NPS,036,,179.338319037851,1904.75308301169,0432,S,0000,RES 00360000,
157,Nps_346,Triangle ( FDR Memorial Stone),NACC,840,"9th St., Below Pennsylvania Ave., NW",1,,NPS,035,FDR Memorial Stone,150.398306843152,645.482639363595,0432,S,0000,RES 00360000,
158,Nps_340,Park (Part of Sq. E 87),NACE,892,"Virginia & New York Aves. To 20th & 21st Sts., NW",9,,NPS,378,,509.516105358256,7574.5855429407,0087,E,0000,RES 01050000,
159,,,NAMA,,"Constitution Ave., between 21st & 22nd Sts., NW",<Null>,,NPS,332A,,378.830052484265,4073.00953314186,0088,,0000,RES 332A0000,
160,Nps_334,Edward J. Kelly Park,NACC,875,"Virginia Ave., between 21st & New York Ave., NW",1,,NPS,105,Edward J. Kelly Park,273.848503101417,3009.5136086167,0087,E,0000,RES 01050000,
161,Nps_015,Fort Circle Park,ROCR,832,"Fort Stevens Park To Fort Slocum Park, NW","6, 8",,NPS,494,Fort Circle Park,293.745024885875,2439.75440647916,MULTI-SQUARES & PARCELS,,0000,RES 04940000,
162,Nps_008,Fort Circle Park,ROCR,832,"Fort Stevens Park To Fort Slocum Park, NW","6, 8",,NPS,494,Fort Circle Park,186.593665017684,1686.10387851713,MULTI-SQUARES & PARCELS,,0000,RES 04940000,
163,Nps_010,Fort Circle Park,ROCR,832,"Fort Stevens Park To Fort Slocum Park, NW","6, 8",,NPS,494,Fort Circle Park,431.031197793854,9339.11990196051,MULTI-SQUARES & PARCELS,,0000,RES 04940000,
164,Nps_009,Fort Circle Park,ROCR,832,"Fort Stevens Park To Fort Slocum Park, NW","6, 8",,NPS,494,Fort Circle Park,309.753359481496,2693.4206444431,MULTI-SQUARES & PARCELS,,0000,RES 04940000,
165,Nps_303,Center Parking,NACC,840,"New Hampshire Ave., Between G st. & Virginia Ave., NW",8,,NPS,026K,,152.890264827133,1293.03779915775,0008,E,0800,0008E   0800,
166,Nps_268,Washington Circle,NACC,824,"Pennsylvania & New Hampshire Aves., NW",1,,NPS,026,Washington Circle,333.861355587791,8869.97592029811,0040,N,0000,RES 00260000,
167,Nps_285,Triangle,NACC,840,"Pennsylvania Ave., Between 21st & I Sts., NW",1,,NPS,028,,225.010563753096,1736.88871545356,0101,N,0000,RES 00280000,
168,Nps_282,James Monroe Park,NACC,840,"Pennsylvania Ave., Between 20th & I Sts., NW",1,,NPS,029,James Monroe Park,215.252750046106,1587.60193793574,0000,,0000,RES 00290000,
169,Nps_287,Triangle,ROCR,0,"Virginia Ave., Between 27th & I Sts., Nw [Bricked]",1,1965-03-02T00:00:00.000Z,NPS,095,,40.4586796591326,76.323302785482,0000,,0000,RES 00950000,
170,Nps_295,Triangle,NACC,840,"Pennsylvania Ave., Between 18th & H Sts., NW",1,,NPS,031,,197.285389230623,1460.52987023827,0105,S,0000,RES 00310000,
171,Nps_296,Triangle,NACC,840,"Pennsylvania  Ave., Between 19th & H sts., NW",1,,NPS,030,,233.204129422446,1704.61163518291,0141,N,0000,RES 00300000,
172,Nps_273,Farragut Square,NACC,818,"17th St., Between I & K Sts., NW",1,,NPS,012,Farragut Square,334.657626871826,6377.00009241399,0185,W,0000,RES 00120000,
173,Nps_276,Mcpherson Square,NACC,874,"15th St., Between I & K Sts., NW",1,,NPS,011,McPherson Square,341.694391989325,6755.30677897542,0218,W,0000,RES 00110000,
174,Nps_275,Franklin Square,NACC,812,"I To K St. & 13th To 14th Sts., NW",1,,NPS,009,Franklin Square,571.403595849872,19403.8535065964,0000,,0000,RES 00090000,
175,Nps_293,Triangle,NACC,876,"New York Ave. & H St., West Of 13th St., NW",1,,NPS,172,,73.5939201166566,322.210645072968,0251,,0000,RES 01720000,
176,Nps_291,Triangle,NACC,876,"New York Ave, & 13th st., NW East Of Res. 172",8,,NPS,172B,,69.3872329953989,249.066981007061,0251,,0000,RES 172B0000,
177,Nps_297,Triangle,NACC,876,"New York Ave., Between 13th & H Sts., NW",8,,NPS,172A,,65.6826387421835,242.431880031626,0000,,0000,RES 172A0000,
178,Nps_283,Triangle,NACC,876,"New York Ave. Between 12th & I Sts., NW",1,,NPS,173,,171.36809530557,1173.75059864851,0000,,0000,RES 01730000,
179,Nps_486,Shepherd Parkway,NACE,848,"South Capitol St. & 2nd St., SE & SW","5, 6, 9",,NPS,421,Shepherd Parkway,3158.89261876255,165525.896918503,0000,,0000,RES 04210000,
180,Nps_013,Fort Circle Park,ROCR,832,"Rock Creek Park To Fort Stevens Park, NW",6,,NPS,499,Fort Circle Park,548.949636877445,3593.68304754036,0000,,0000,RES 04990000,
181,Nps_067,Westmoreland Circle,ROCR,892,"Massachusetts & Western Aves., NW","6, 8",,NPS,559,Westmoreland Circle,210.312732659633,3076.26863370373,1486,,0000,RES 05590000,
182,Nps_068,Triangle,ROCR,892,"Kansas Ave. & 7th St., North Of Sherman Circle, NW",8,,NPS,436,,160.448328856321,1433.83786688326,3216,,0000,RES 04360000,
183,Nps_077,Triangle,ROCR,892,"Kansas Ave., South Of Sherman Circle, NW",8,,NPS,438,,159.552413349674,1441.26659963613,3141,,0000,RES 04380000,
184,Nps_069,Triangle,ROCR,892,"Illinois Ave., Between 7th & Decatur Sts., NW",8,,NPS,447,,126.560761478416,832.245545328239,3144,,0000,RES 04470000,
185,Nps_078,Triangle,ROCR,892,"Illinois Ave., Between 7th & Buchanan Sts., NW",8,,NPS,448,,126.613346052171,837.297578534849,3219,,0000,RES 04480000,
186,Nps_211,Fort Circle Park,NACE,832,"Anacostia Park To Fort Mahan Park, NE","6, 8",,NPS,523,Fort Circle Park,2297.37139466976,115643.809381819,"5071,5076,5077,5094",E,0000,RES 05230000,
187,Nps_314,"Anacostia Park, Section F",NACE,831,"Anacostia River, Between Benning & Railroad Bridges","6, 9",,NPS,343F,Anacostia Park,8305.76536378531,797103.531248294,0000,,0000,RES 343F0000,
188,Nps_384,"Anacostia Park, Section F",NACE,831,"Anacostia River, Between Benning & Railroad Bridges","6, 9",,NPS,343F,Anacostia Park,4872.29967004212,221288.603251445,0000,,0000,RES 343F0000,
189,Nps_355,"Anacostia Park, Section F",NACE,831,"Anacostia River, Between Benning & Railroad Bridges","6, 9",,NPS,343F,Anacostia Park,213.314059355428,2458.34219285533,0000,,0000,RES 343F0000,
190,Nps_354,"Anacostia Park, Section F",NACE,831,"Anacostia River, Between Benning & Railroad Bridges","6, 9",,NPS,343F,Anacostia Park,235.892957784235,1728.99917739427,0000,,0000,RES 343F0000,
191,Nps_365,"Anacostia Park, Section F",NACE,831,"Anacostia River, Between Benning & Railroad Bridges","6, 9",,NPS,343F,Anacostia Park,91.7729848474264,526.233677618326,0000,,0000,RES 343F0000,
192,Nps_505,Fort Circle Park,ROCR,832,"Fort Slocum Park To Fort Totten Park, NE",6,,NPS,497,Fort Circle Park,516.591366175949,12045.6296957817,"3382,3383,3699,3700,3701,3702,3705,3706,3709",,0000,RES 04970000,
193,Nps_048,Fort Circle Park,ROCR,832,"Fort Slocum Park To Fort Totten Park, NE",6,,NPS,497,Fort Circle Park,1256.54055367122,43948.0486133849,"3382,3383,3699,3700,3701,3702,3705,3706,3709",,0000,RES 04970000,
194,Nps_179,Triangle,ROCR,892,"Connecticut Ave., Between 20th & R Sts., NW",8,,NPS,554,,40.0670315141013,71.1306127583478,0000,,0000,RES 05540000,
195,Nps_176,Triangle,NACC,877,"Florida Ave., Between 21st & South Of S Sts., NW",1,,NPS,270,,27.28570027406,36.3330215961898,0065,,0000,RES 02700000,
196,Nps_186,Sheridan Circle,NACC,825,"Massachusetts Ave., Between 23rd & R Sts., NW",8,,NPS,057A,Sheridan Circle,162.784748727576,2108.7134250219,2512,W,0000,RES 057A0000,
197,Nps_165,Montrose Park,ROCR,891,"R St. & Lovers Ln., NW",8,,NPS,324,Montrose Park,1050.61631348497,63459.6839313498,2156,,0000,RES 03240000,
198,Nps_151,Dumbarton Oaks Park,ROCR,863,"Whitehaven Park & Montrose Park, NW",10,,NPS,637,Dumbarton Oaks Park,1864.81544458658,110129.001300985,2155,,0000,RES 06370000,
199,Nps_167,Triangle,NACC,877,"Florida Ave., Between 19th st. & T Sts., NW",8,,NPS,270A,,55.5569501375942,148.773518640178,0000,,0000,RES 270A0000,
200,Nps_163,Triangle,NACC,876,Below New Hampshire Ave. & 16th St. NW,8,,NPS,146,,78.4192845055207,282.869411115839,0000,,0000,RES 01460000,
201,Nps_154,Triangle,NACC,876,"Above New Hampshire Ave. & 16th St., NW",8,,NPS,147,,80.3248568789177,299.245082845813,0000,,0000,RES 01470000,
202,Nps_180,Triangle,NACC,877,"Florida Ave., Between R & 2nd Sts., NW",1,,NPS,276,,36.7256475306474,53.3866913557443,0000,,0000,RES 02760000,
203,Nps_184,Triangle,NACC,877,"Florida Ave., Between 1st & R Sts., NW",8,,NPS,276A,,144.759781772349,789.798858898816,3099,,0000,RES 276A0000,
204,Nps_166,Triangle,NACC,877,"Florida Ave., Between T & West Of 6th Sts., NW",1,,NPS,274,,10.3948917055687,6.31586272561184,0000,,0000,RES 02740000,
205,Nps_145,Triangle,NACC,877,"Florida Ave., & 10th St., NW",1,,NPS,272,,27.8672292440824,34.3048258010655,0000,,0000,RES 02720000,
206,Nps_143,Meridian Hill Park,ROCR,872,"16th St., Between Euclid & W Sts. NW",4,,NPS,327,Meridian Hill Park,1098.89047119593,45737.1862067503,"2569,2570,2573",,0000,RES 03270000,
207,Nps_137,Rabaut Park,ROCR,878,"Mt. Pleasant St., Between 16th St., & Harvard St., NW",8,,NPS,309C,Rabaut Park,195.07626872686,2286.39062576876,0000,,0000,RES 309C0000,
208,Nps_500,Triangle,NACE,893,"Central Ave., Between 50th & East Capitol Sts., SE",8,,NPS,669,,195.707754043288,755.711444018876,0000,,0000,RES 06690000,
209,Nps_392,"The Mall, Seaton Park, West",NACC,802,"6th To 4th., NW & Constitution NW To Independence","1,  7, 9",,NPS,005,,183.219114848569,1664.66388276899,0492,N,0800,0492N   0800,
210,Nps_544,Beach Parkway,ROCR,821,"DC Line, Between East & West Beach Drive, NW","5, 6",,NPS,432,Beach Parkway,2765.0169611976,72226.0629510173,0000,,0000,RES 04320000,
211,Nps_001,North Portal,ROCR,821,"16th St.,between North Portal & South Portal Drs.","5, 6",,NPS,433,North Portal,1793.86268619857,35374.3327764267,0000,,0000,RES 04330000,
212,Nps_450,Triangle,NACE,875,"Virginia Ave., Between West Side Of 7th & K Sts., SE",8,,NPS,124A,,24.6210041891237,29.8988821076004,0000,,0000,RES 124A0000,
213,Nps_292,Theodore Roosevelt Island (Analostan Island),GWMP,854,"Potomac River, NW",10,,NPS,560,Theodore Roosevelt Island,4299.76961674309,341456.02400767,PAR ,,0001,PAR 03180001,0318
214,Nps_521,Lady Bird Johnson Park (Columbia Island),GWMP,835,Between Potomac River & Boundary Channel,9,,NPS,344,Lady Bird Johnson Park,4854.92705087449,546422.584431806,PAR ,,0001,PAR 03170001,
215,Nps_387,Triangle,NACC,877,"Maryland Ave., Between 3rd & Independence Ave., SW",1,,NPS,201,,172.429264167887,1282.03511186438,0000,,0000,RES 02010000,
216,Nps_359,Curb Parking,NACC,801,"Constitution Ave., Between 22nd & 23rd Sts., NW",2,,NPS,332B,,224.806350422175,2296.51560799066,"0062,0063",,0000,RES 332B0000,
217,Nps_350,Triangle,NACC,892,"Virginia Ave., Between 18th & C Sts., NW",9,,NPS,383,,253.232607087864,2626.02579953035,0146,,0000,RES 03830000,
218,Nps_352,Square 147 (Pan American Annex),NACC,892,"Virginia & Constitution Aves. To 18th & 19th Sts., NW",9,,NPS,384,,420.119568747873,9048.06470691302,0147,,0000,RES 03840000,
219,Nps_362,Triangle,NACC,875,"Constitution Ave. & 18th St., NW",1,,NPS,110,,81.3485118124013,294.071200283791,0000,,0000,RES 01100000,
220,Nps_332,Triangle,NACC,875,"New York Ave., Between Virginia Ave & 20th St., NW",1,,NPS,106,,374.155718359019,6521.24407146041,0104,S,0012,0104S   0012,
221,Nps_304,Triangle,NACE,877,"Maryland Ave., & G st. East Of 13th St.,, NE",1,,NPS,212,,99.6100512432358,325.354350995212,0000,,0000,RES 02120000,
222,Nps_301,Triangle,NACE,877,"Maryland Ave., 14th & G Sts., NE",1,,NPS,213,,56.749746332761,119.604833192289,0000,,0000,RES 02130000,
223,Nps_288,Center Parking,NACC,840,"New Hampshire Ave. & L St., NW",8,,NPS,026G,,248.679639083676,352.732180259437,0030,,0000,RES 026H0000,
224,Nps_279,Curb Parking,NACE,878,"I St., Between 5th & 6th Sts., NE",8,,NPS,315,,81.2648578258573,212.773674327632,0831,,0802,0831    0802,
225,Nps_265,Triangle,NACC,875,"Massachusetts Ave., Between 11th & L Sts., NW",8,,NPS,069A,,20.501948389373,21.7808772349661,0000,,0000,RES 069A0000,
226,Nps_258,Samuel Gompers Memorial Park,NACC,875,"Massachusetts Ave. & L St. To 10th & 11th Sts., NW",1,,NPS,069,Samuel Gompers Memorial Park,31.2946462697421,49.5148195582332,0000,,0000,RES 069A0000,
227,Nps_494,Shepherd Parkway,NACE,848,"South Capitol St. & 2nd St., SE & SW","5, 6, 9",,NPS,421,Shepherd Parkway,2396.85609344411,107050.858419811,0000,,0000,RES 04210000,
228,Nps_007,Fort Circle Park,ROCR,832,"Rock Creek Park To Fort Stevens Park, NW",6,,NPS,499,Fort Circle Park,410.946974603269,7706.86075250379,0000,,0000,RES 04990000,
229,Nps_011,Fort Circle Park,ROCR,832,"Rock Creek Park To Fort Stevens Park, NW",6,,NPS,499,Fort Circle Park,558.379577438162,5691.50611192221,0000,,0000,RES 04990000,
230,Nps_014,Fort Circle Park,ROCR,832,"Rock Creek Park To Fort Stevens Park, NW",6,,NPS,499,Fort Circle Park,442.366457524616,5581.7607363184,0000,,0000,RES 04990000,
231,Nps_016,Fort Circle Park,ROCR,832,"Rock Creek Park To Fort Stevens Park, NW",6,,NPS,499,Fort Circle Park,290.292369351613,2420.84312393808,0000,,0000,RES 04990000,
232,Nps_017,Fort Circle Park,ROCR,832,"Rock Creek Park To Fort Stevens Park, NW",6,,NPS,499,Fort Circle Park,201.754177110216,1388.43896956358,0000,,0000,RES 04990000,
233,Nps_038,Fort Circle Park,ROCR,832,"Fort Stevens Park To Fort Slocum Park, NW","6, 8",,NPS,494,Fort Circle Park,503.131908037111,4986.15259069823,MULTI-SQUARES & PARCELS,,0000,RES 04940000,
234,Nps_039,Fort Circle Park,ROCR,832,"Fort Stevens Park To Fort Slocum Park, NW","6, 8",,NPS,494,Fort Circle Park,191.859789460905,2040.99833038149,MULTI-SQUARES & PARCELS,,0000,RES 04940000,
235,Nps_037,Fort Circle Park,ROCR,832,"Fort Stevens Park To Fort Slocum Park, NW","6, 8",,NPS,494,Fort Circle Park,191.853674769402,2040.90060070507,MULTI-SQUARES & PARCELS,,0000,RES 04940000,
236,Nps_029,Fort Circle Park,ROCR,832,"Fort Stevens Park To Fort Slocum Park, NW","6, 8",,NPS,494,Fort Circle Park,163.30848193309,1613.62906652544,MULTI-SQUARES & PARCELS,,0000,RES 04940000,
237,Nps_027,Fort Circle Park,ROCR,832,"Fort Stevens Park To Fort Slocum Park, NW","6, 8",,NPS,494,Fort Circle Park,267.52432625203,3012.72987969959,MULTI-SQUARES & PARCELS,,0000,RES 04940000,
238,Nps_018,Fort Circle Park,ROCR,832,"Fort Stevens Park To Fort Slocum Park, NW","6, 8",,NPS,494,Fort Circle Park,261.343630094494,2714.01392240535,MULTI-SQUARES & PARCELS,,0000,RES 04940000,
239,Nps_021,Fort Circle Park,ROCR,832,"Fort Slocum Park To Fort Totten Park, NE",6,,NPS,497,Fort Circle Park,860.251100189682,21798.1286004565,"3382,3383,3699,3700,3701,3702,3705,3706,3709",,0000,RES 04970000,
240,Nps_019,Fort Slocum Park,ROCR,887,"2nd & 3rd Sts. To Oglethorpe & Madison Sts., NE","5, 6",,NPS,435,Fort Slocum Park,1161.23631962177,78906.6619899086,"3382,3383,3699,3700,3701,3702,3705,3706,3709",,0000,RES 04970000,
241,Nps_020,Fort Circle Park,ROCR,832,"Fort Slocum Park To Fort Totten Park, NE",6,,NPS,497,Fort Circle Park,540.170866777743,11450.8135116036,"3382,3383,3699,3700,3701,3702,3705,3706,3709",,0000,RES 04970000,
242,Nps_031,Fort Circle Park,ROCR,832,"Fort Reno Park To Rock Creek Park , NW",6,,NPS,515,Fort Circle Park,967.159688805346,21568.5142684931,MULTI-SQUARES,,0000,RES 05150000,
243,Nps_033,Fort Circle Park,ROCR,832,"Fort Reno Park To Rock Creek Park , NW",6,,NPS,515,Fort Circle Park,276.479852933111,1088.65027463063,MULTI-SQUARES,,0000,RES 05150000,
244,Nps_041,Fort Circle Park,ROCR,832,"Fort Reno Park To Rock Creek Park , NW",6,,NPS,515,Fort Circle Park,499.926416994892,6811.24543961916,MULTI-SQUARES,,0000,RES 05150000,
245,Nps_040,Fort Circle Park,ROCR,832,"Fort Reno Park To Rock Creek Park , NW",6,,NPS,515,Fort Circle Park,665.148265208624,7523.77497448985,MULTI-SQUARES,,0000,RES 05150000,
246,Nps_050,Fort Circle Park,ROCR,832,"Fort Reno Park To Rock Creek Park , NW",6,,NPS,515,Fort Circle Park,181.645273399274,791.152298006739,MULTI-SQUARES,,0000,RES 05150000,
247,Nps_316,Triangle,NACC,877,"New Jersey Ave., Between 1st & F Sts., NW",1,,NPS,196,,94.6070465470253,350.806895287399,0000,,0000,RES 01960000,
248,Nps_311,Triangle,NACC,875,"Massachusetts Ave., Between North Capitol & F St.,",1,,NPS,078,,89.9900630935964,317.417575393713,0000,,0000,RES 00780000,
249,Nps_319,Area South Of Union station,NACC,873,"Union Station Plaza, NE",7,,NPS,334,Columbus Circle,551.607552189615,14363.6007542785,0000,,0000,RES 03340000,
250,Nps_344,Circle,NACC,840,"Indiana Ave., Between 7th & C Sts., NW",8,,NPS,036A,,74.9410245099066,446.919539870861,0459,,0000,RES 036A0000,
251,Nps_337,Triangle,NACC,876,"Indiana Ave., Between 3rd & D Sts., NW",1,,NPS,187,,105.507406232762,356.039183645085,0000,,0000,RES 01870000,
252,Nps_507,"President's Park, White House Ground, Exec. Office, Treasury Bldg.",NACC,813,"Pennsylvania Ave., Between 15th & 17th Streets NW",1,,NPS,001,White House Grounds,2379.52957373112,338423.022005374,0187,,0000,RES 00010000,
253,Nps_294,Lafayette Square,NACC,803,Pennsylvania Ave. to H St. and Jackson to Madison Pl.,1,,NPS,010,Lafayette Square,698.424818396788,28311.8482230699,0187,,0000,RES 00100000,
254,Nps_324,Commerce Building Plaza (Pershing Square),NACC,893,"Pennsylvania Ave. & E st. To 14th & 15th Sts., NW","8, 9",,NPS,617,Pershing Square,332.470068146981,5679.434989286,0226,,0000,RES 06170000,
255,Nps_331,Rawlins Park,NACC,819,"E st., Between 18th & 19th sSs. NW",1,,NPS,013,Rawlins Park,339.65568233044,5718.67668160065,0143,,0000,RES 00130000,
256,Nps_330,Walt Whitman Park,NACC,865,"E st., Between 19th & 20th Sts., NW","8, 9",,NPS,715,Walt Whitman Park,277.295664631519,4045.11216643651,0123,,0000,RES 07150000,
257,Nps_325,Triangle,NACC,0,Virginia Ave. & E St. NW,1,1965-08-03T00:00:00.000Z,NPS,102,,44.2165752364147,89.0911202976939,0000,,0000,RES 01020000,
258,Nps_329,Park (Adjoining Dept. of State),NACC,893,"Virginia Ave. & 22nd St., NW","8, 9",,NPS,720,,242.630133582611,3102.68542387573,0083,,0000,RES 07200000,
259,Nps_327,Triangle,NACC,875,"Virginia Ave., between 21st & D St NW",1,,NPS,104,,192.231918152346,721.986608842237,0083,,0809,0083    0809,
260,Nps_315,Triangle,NACC,875,Above Virginia Ave. & F St. NW,1,,NPS,101,,100.530394466863,413.024133284911,0058,,0000,RES 01010000,
261,Nps_313,Center Parking,ROCR,840,"New Hampshire Ave., North Of F st., NW",8,,NPS,026M,,120.675517905227,196.679959377141,0019,,0000,RES 026M0000,
262,Nps_309,Triangle,NACC,875,"Virginia Ave., Between 24th & G Sts., NW",1,,NPS,099,,68.0409607310912,216.51398064826,0031,,0000,RES 00990000,
263,Nps_307,Triangle,NACC,875,"Virginia Ave., Between 25th & G Sts., NW",1,,NPS,098,,47.2067342520967,95.1936988952523,0031,,0000,RES 00980000,
264,Nps_255,Triangle,NACC,875,"Massachusetts Ave. & L St. To 11th & 12th Sts., NW",1,,NPS,068,,184.952621713731,1514.71319448782,0000,,0000,RES 00680000,
265,Nps_257,Samuel Gompers Memorial Park,NACC,875,"Massachusetts Ave. & L St. To 10th & 11th Sts., NW",1,,NPS,069,Samuel Gompers Memorial Park,193.973847607849,1612.30299842673,0000,,0000,RES 00690000,
266,Nps_270,Triangle,NACC,875,"Massachusetts Ave., 8th & K Sts., NW",1,,NPS,070,,99.3660968098086,634.723464732876,0000,,0000,RES 00700000,
267,Nps_272,Triangle,NACC,876,"New York Ave., Between 9th & K Sts., NW",1,,NPS,175,,90.3548195755531,503.699277762082,0000,,0000,RES 01750000,
268,Nps_269,Triangle,NACC,876,"New York Ave., Between 7th & K Sts., NW",1,,NPS,176,,93.3223670349892,548.732936038006,0000,,0000,RES 01760000,
269,Nps_274,Triangle,NACC,875,"Massachusetts Ave., 7th & K Sts., NW",1,,NPS,071,,83.7687022487885,471.989272136441,0000,,0000,RES 00710000,
270,Nps_281,Triangle,NACC,875,"Massachusetts Av. & I St. To 5th & 6th Sts., NW",1,,NPS,072,,163.35632332767,1320.08004230262,0000,,0000,RES 00720000,
271,Nps_286,Triangle,NACC,875,"Below Massachusetts Ave., Between 5th & I Sts., NW",1,,NPS,073,,36.3908323223554,45.5546923846208,0000,,0000,RES 00730000,
272,Nps_277,Triangle,NACC,877,"New Jersey Ave., Between 2nd & Above I Sts., NW",1,,NPS,193,,162.075174772839,618.765505320438,0000,,0000,RES 01930000,
273,Nps_217,Scott Circle,NACC,827,"Massachusetts & Rhode Island Ave., NW","1, 8",,NPS,063,Scott Circle,148.107716961614,1627.40794830447,0000,,0000,RES 00630000,
274,Nps_214,Triangle,NACC,862,"North Of Res. 62 At Massachusetts Ave., NW",8,,NPS,062A,,75.7085909838501,212.068048432523,0000,,0000,RES 062A0000,
275,Nps_225,Triangle,NACC,862,"South Of Res. 62 At Rhode Island Ave., NW",8,,NPS,062B,,72.6587443137862,206.445589379144,0000,,0000,RES 062B0000,
276,Nps_212,Triangle,NACC,862,"West Of Scott Circle, Between Massachusetts & Rhode Island Ave., NW","1, 8",,NPS,062,,254.275858946871,1023.02588579694,0000,,0000,RES 00620000,
277,Nps_233,Triangle,NACC,862,"West Of Thomas Circle, Massachusetts Ave. & M st., NW",1,,NPS,065,,50.0927351104259,140.23699741909,0000,,0000,RES 00650000,
278,Nps_242,Triangle,NACC,862,"Massachusetts Ave. & M St., NW",1,,NPS,067,,57.7315442615447,170.182838344402,0000,,0000,RES 00670000,
279,Nps_227,Triangle,NACC,876,"Vermont Ave. & 14th St., North Of Thomas Circle, NW",1,,NPS,162,,52.1851846504232,95.1254762566673,0244,,0802,0244    0802,
280,Nps_210,Mary McLeod Bethune Council House,NACE,0,"Vermont Ave., NW", ,,NPS,0000,,99.110794068941,297.422350672287,0242,,0055,0242    0055,
281,Nps_208,Triangle,NACC,876,"Vermont Ave., Between 13th & O Sts. NW",1,,NPS,163,,91.8776048486887,474.801660384387,0000,,0000,RES 01630000,
282,Nps_204,Triangle,NACC,876,"Rhode Island Ave., Between 12th & P Sts., NW",1,,NPS,154,,138.900144340792,970.49411485654,0278,S,0000,RES 01540000,
283,Nps_203,Logan Circle,NACC,829,"Rhode Island & Vermont Aves., NW",1,,NPS,153,Logan Circle,344.468690661916,9442.51602530973,0000,,0000,RES 01530000,
284,Nps_200,Triangle,NACC,876,"New Jersey Ave., Between 4th & Q Sts., NW",1,,NPS,190,,77.0645737222927,178.382097353667,0000,,0000,RES 01900000,
285,Nps_514,Triangle,NACC,877,"New Jersey Ave., Between 3rd & N Sts., NW",8,,NPS,192,,148.430746168614,717.359184755966,0554,W,0000,RES 01920000,
286,Nps_191,Triangle,NACC,876,"Vermont Ave. & 12th St., South Of R st., NW",8,,NPS,165,,38.2449273415918,73.312311817965,0000,,0000,RES 01650000,
287,Nps_187,Triangle,NACC,893,"12th & Vermont Ave., North Of Q St., NW",8,,NPS,681,,147.258177771785,485.847297858103,0000,,0000,RES 06810000,
288,Nps_202,Dupont Circle,NACC,826,"Massachusetts & Connecticut Aves., NW",1,,NPS,060,Dupont Circle,340.699485008166,9237.04500600046,0114,E,0000,RES 00600000,
289,Nps_205,Triangle,NACC,862,"Massachusetts., Between 20th & P sts., NW",1,,NPS,059,,114.28515108736,745.843521669629,0095,E,0000,RES 00590000,
290,Nps_192,Triangle,NACC,876,"Connecticut Ave., Between 20th & Q Sts., NW",1,,NPS,149,,110.051294874275,423.978245310082,0000,,0000,RES 01490000,
291,Nps_193,Triangle,NACC,862,"Massachusetts Ave., Between 22nd & Q Sts., NW",1,,NPS,057,,90.5776964125378,282.636299473363,0067,,0000,RES 00570000,
292,Nps_197,Triangle,NACC,862,"Massachsetts Ave., Between 21st & Q Sts., NW",1,,NPS,058,,93.87284303179,304.142443003978,0066,S,0000,RES 00580000,
293,Nps_159,Whitehaven Parkway,ROCR,839,"W st., West Of Wisconsin Ave., NW","5, 6, 8",,NPS,357,Whitehaven Parkway,5158.68082725059,187603.350831219,MULTI-SQUARES,,0000,RES 03570000,
294,Nps_280,Triangle,NACC,877,"New Jersey Ave., Between 2nd & Below I Sts., NW",1,,NPS,194,,100.7257124405,626.789991137088,0000,,0000,RES 01940000,
295,Nps_259,Triangle,NACC,876,"New York Ave., Between 5th & L Sts., NW",1,,NPS,177,,32.0993268540819,62.444406214943,0000,,0000,RES 01770000,
296,Nps_498,Triangle,NACC,876,"New York Ave., Between East Side Of 5th & L Sts.,",8,,NPS,177A,,29.5593627358598,39.8086169781516,0000,,0000,RES 177A0000,
297,Nps_262,Triangle,NACC,876,"New York Ave. & L St., NW",1,,NPS,178,,136.816516186436,827.014479782789,0000,,0000,RES 01780000,
298,Nps_238,Triangle,NACC,876,Rhode Island Ave. & M St. NW,1,,NPS,151,,107.309000272655,305.039274636358,0000,,0000,RES 01510000,
299,Nps_229,Triangle,NACC,876,"Connecticut Ave., Between 18th & M Sts., NW",1,,NPS,150,,108.656850494701,479.690679850876,0000,,0000,RES 01500000,
300,Nps_223,Triangle,NACC,876,"Connecticut Ave., Between 18th & N Sts., NW",8,,NPS,150A,,36.6447570085654,63.2608879739694,0000,,0000,RES 150A0000,
301,Nps_241,Center Parking,NACC,876,"New York Ave., Between New Jersey Ave. & 3rd St.,",8,,NPS,179,,66.9182133956557,256.858965340416,0000,,0000,RES 01790000,
302,Nps_213,Triangle,NACC,862,"East Of Scott Circle, Massachusetts & Rhode Island Ave.","1, 8",,NPS,064,,326.45092692725,942.281719356744,0000,,0000,RES 00640000,
303,Nps_215,Triangle,NACC,862,"South Of Res. 64 At Massachusetts Ave., NW",8,,NPS,064B,,71.1851582995066,199.666960993331,0000,,0000,RES 064A0000,
304,Nps_226,Triangle,NACC,862,"North Of Res. 64 At Rhode Island Ave., NW",8,,NPS,064A,,72.5688534768729,206.710288036512,0000,,0000,RES 064B0000,
305,Nps_003,Battleground National Cemetery,ROCR,858,"Georgia Ave., Between Whittier Pl. & Van Buren St.",9,,NPS,568,Battleground National Cemetery,252.756241415759,4014.39870474779,2971,,0000,RES 05680000,
306,,,,,"New Hampshire Ave. between 25th & H Sts., NW ",<Null>,1969-06-30T00:00:00.000Z,NPS,135,,37.7812906864689,55.0634113084948,0031,,0000,RES 01350000,
307,,,,,"New Hampshire Ave., south of H St., NW",<Null>,,NPS,26I,,41.2718818947281,72.8939761731264,0031,,0000,RES 026I0000,
308,,,NAMA,,"above Massachusetts Ave., between 5th & I Sts., NW",<Null>,,NPS,74,,135.700514955226,754.559866950271,0000,,0000,RES 00740000,
309,Nps_131,Bryce Park,ROCR,893,"Massachusetts Ave., Between Wisconsin Ave. & Garfield St., NW",6,,NPS,700,Bryce Park,236.284558246642,2391.9492380892,1928,,0000,RES 07000000,
310,Nps_128,Glover Parkway & Children's Playground,ROCR,836,"New Mexico Ave. & Cathedral Ave., NW","6, 7, 8, 10",,NPS,351E,Glover Parkway & Children's Playground,633.201783550594,14630.3479315443,PAR ,,0007,PAR 03040007,0304
311,Nps_127,Glover Parkway & Children's Playground,ROCR,836,"New Mexico Ave., & 42nd St., NW","7, 8, 10",,NPS,351F,Glover Parkway & Children's Playground,965.171104744308,29218.1002527325,PAR ,,0008,PAR 03040008,0304
312,Nps_520,Center Parking,ROCR,892,"Rock Creek Dr., Between Edgevale Terr. & Normanstone Dr.",8,,NPS,338,,226.546969592389,3165.92730412037,2140,,0000,RES 03380000,
313,Nps_135,National Zoo Entrance,ROCR,821,"Harvard St. Entrance, NW",6,,NPS,516,National Zoo Entrance,165.442196769093,897.161828796781,2587,,0000,RES 05160000,
314,Nps_198,Triangle,NACC,862,"Florida Ave. & 22nd St., NW",8,,NPS,057D,,210.371048894311,1537.44087877166,0047,,0000,RES 057D0000,
315,Nps_244,Triangle,ROCR,840,"Pennsylvania Ave., Between 28th & M Sts., NW",1,,NPS,022,,88.9043137169434,285.32996505997,1195,,0000,RES 00220000,
316,Nps_245,Park,ROCR,893,"Pennsylvania Ave., Between 28th & M Sts., NW",8,,NPS,691,,70.9498126721814,311.650090537925,1194,,0000,RES 06910000,
317,Nps_133,Triangle,ROCR,878,"Mt. Pleasant St, Between 16th St., & Harvard St., NW",8,,NPS,309B,,175.923989470729,1089.0803545808,2594,,0000,RES 309B0000,
318,Nps_130,Triangle,ROCR,893,"16th & Irving Sts., NW",8,,NPS,565,,85.2378819423514,189.863786851286,0000,,0000,RES 05650000,
319,Nps_103,Fort Bunker Hill,ROCR,880,"Perry Pl., Between 13th & 14th Sts., NE","5, 6",,NPS,443,Fort Bunker Hill,686.145920034673,25603.5847914683,3966,,0000,RES 04430000,
320,Nps_124,Curb Parking,ROCR,892,"Lamont & 15th Sts., Extended NE",8,,NPS,361,,42.3958320254939,93.9141603863158,0000,,0000,RES 03610000,
321,Nps_125,Triangle,ROCR,878,Lamont & West Side Of 16th Sts. NW,8,,NPS,309A,,133.307651808227,886.697764656267,2595,E,0000,RES 309A0000,
322,Nps_119,Triangle,ROCR,878,"Park Rd., Between Pine & 16th Sts., NW",8,,NPS,309G,,132.547153001759,760.391533316698,2675,W,0000,RES 309G0000,
323,Nps_090,Barnard Hill,ROCR,832,"24th St., Between Randolph st. & Eastern Ave., NW","6,  8",,NPS,528,Barnard Hill,1446.35294098113,92734.6531245328,4299,,0000,RES 05280000,
324,Nps_062,Fort Totten Park,ROCR,890,"Bates Rd., South Of Riggs Rd., NE",6,,NPS,544,Fort Totten Park,1839.47466122586,169041.218458967,0000,,0000,RES 05440000,
325,Nps_528,Triangle,ROCR,893,"Tilden St. & Reno Rd., NW",8,,NPS,667,,70.8867468007684,228.48635510813,0000,,0000,RES 06670000,
326,Nps_527,Triangle,ROCR,893,"Reno Rd., Between 36th & Warren Sts., NW",10,,NPS,686,,95.0868188153618,328.495847809843,1966,S,0000,RES 06860000,
327,Nps_080,Tenley Circle,ROCR,892,"Nebraska & West Of Wisconsin Aves., NW",8,,NPS,398,Tenley Circle,104.61864491012,576.017240829404,0000,,0000,RES 03980000,
328,Nps_079,Tenley Circle,ROCR,892,"Nebraska & East Of Wisconsin Aves., NW",8,,NPS,399,Tenley Circle,104.767971442829,581.272905663656,0000,,0000,RES 03990000,
329,Nps_082,Triangle,ROCR,878,"Van Ness st., Between 41st & Nebraska Ave. NW",8,,NPS,330B,,298.737783839033,3624.3732895179,0000,,0000,RES 330B0000,
330,Nps_085,Triangle,ROCR,878,"Van Ness st., Between 42nd & Nebraska Ave., NW",8,,NPS,330C,,117.540155544291,557.294791703026,0000,,0000,RES 330C0000,
331,Nps_073,Soapstone Valley,ROCR,846,"Connecticut Ave., Between Linnean Ave. & Yuma St., NW","5, 6",,NPS,402,Soapstone Valley,4702.6632326633,103563.889837993,"2046,2246,2248",,0000,RES 04020000,
332,Nps_526,Triangle,ROCR,893,"Nebraska Ave., Between 45th & Rockwood Pkwy., NW",8,,NPS,587,,62.8087896510019,204.782952346397,0000,,0000,RES 05870000,
333,Nps_066,Dalecarlia Parkway,ROCR,0,"Between Massachusetts Ave. & Loughboro Rd., NW", ,1972-12-14T00:00:00.000Z,NPS,478,Dalecarlia Parkway,6547.44628475777,100654.886530124,0000,,0000,RES 04780000,
334,Nps_088,Triangle,ROCR,878,"5th st., Between Illinois Ave., Upsur St. & Grant Circle",8,,NPS,312A,,121.346519149138,766.540783279053,3242,,0000,RES 312A0000,
335,Nps_084,Grant Circle,ROCR,830,"New Hampshire Ave., Between Illinois Ave. & 5th St. NW",8,,NPS,312,Grant Circle,343.574106508688,9393.57539717828,0000,,0000,RES 03120000,
336,Nps_083,Triangle,ROCR,878,"Illinois Ave., Between 5th & Webster Sts., & Grant Circle",8,,NPS,312I,,124.508732863726,800.127794096511,3225,,0000,RES 312I0000,
337,Nps_091,Center Parking,ROCR,878,"Tilden St. & Linnean Ave., NW",8,,NPS,308A,,260.316287100479,1661.23629593331,0000,,0000,RES 308A0000,
338,Nps_097,Ward Circle,ROCR,893,"Massachusetts & Nebraska Aves., NW",8,,NPS,572,,135.575469183511,542.193385380399,0000,,0000,RES 05720000,
339,Nps_492,Shepherd Parkway,NACE,848,"South Capitol St. & 2nd St., SE & SW","5, 6, 9",,NPS,421,Shepherd Parkway,2596.03263851118,136312.613979507,0000,,0000,RES 04210000,
340,Nps_489,Shepherd Parkway,NACE,848,"South Capitol St. & 2nd St., SE & SW","5, 6, 9",,NPS,421,Shepherd Parkway,2661.1400010209,149636.412601111,0000,,0000,RES 04210000,
341,Nps_490,Shepherd Parkway,NACE,848,"South Capitol St. & 2nd St., SE & SW","5, 6, 9",,NPS,421,Shepherd Parkway,780.329144473536,9466.69881696415,0000,,0000,RES 04210000,
342,Nps_072,Sherman Circle,ROCR,845,"7th & Crittenden Sts. To Kansas & Illinois Aves., NW",8,,NPS,369,Sherman Circle,344.260640169908,9431.10817630115,0000,,0000,RES 03690000,
343,Nps_036,Triangle,ROCR,892,"Missouri Ave., Between Madison & 5th Sts., NW",8,,NPS,348,,114.126069110643,604.085622807115,3262,,0000,RES 03480000,
344,Nps_026,Triangle,ROCR,892,"Missouri Ave., Between Marietta Pl. & 8th St., NW",8,,NPS,346,,201.682792933605,1424.5886342605,3155,N,0000,RES 03460000,
345,Nps_024,Triangle,ROCR,892,"Missouri Ave., Between Nicholson & 8th Sts. , NW",8,,NPS,345,,148.821167827839,740.477041484748,2985,S,0000,RES 03450000,
346,Nps_012,Francis G. Newlands Park (Little Forest),ROCR,893,"Military rd., Between 28th & 30th sts., NW",10,,NPS,668,Francis G. Newlands Park,741.805622845939,35377.61399087,2299,,0000,RES 06680000,
347,Nps_525,Triangle,ROCR,893,"Connecticut Ave., Between Fessenden & 36th Sts., NW",8,,NPS,573,,44.3433491947029,87.1801776538523,0000,,0000,RES 05730000,
348,Nps_056,Fort Circle Park,ROCR,832,"Fort Reno Park To Rock Creek Park , NW",6,,NPS,515,Fort Circle Park,162.999427981536,1190.00232351332,1982,,0000,RES 03970000,
349,Nps_054,Triangle,ROCR,893,"Fessenden St., Between Reno Rd. & Nebraska Ave., NW",6,,NPS,643,,160.418115976519,1232.12243279856,1984,,0000,RES 06430000,
350,Nps_049,Fort Bayard Park,ROCR,879,"Western Ave., Between 46th & 47th sts., NW",6,,NPS,359,Fort Bayard Park,528.926793923639,16852.7853153874,1543,,0000,RES 03590000,
351,Nps_518,Curb Parking,ROCR,878,Western Ave. & Patterson St. NW,8,,NPS,335,,92.7833193839444,509.404819661443,0000,,0000,RES 03350000,
352,Nps_005,Triangle,ROCR,892,"Connecticut Ave., South Of Chevy Chase Circle, NW",8,,NPS,468,,90.0514437306802,137.357472621831,0000,,0000,RES 04680000,
353,Nps_004,Chevy Chase Circle,ROCR,892,"Western & Connecticut Aves., NW",8,,NPS,335A,Chevy Chase Circle,210.269770253849,2895.58525623928,1746,,0000,RES 335A0000,
354,Nps_002,Pinehurst Parkway,ROCR,859,"Pinehurst Circle To Rock Creek Park, NW",6,,NPS,545,Pinehurst Parkway,4477.99818666589,67400.1727025829,"2359,2362",,0000,RES 05450000,
355,Nps_194,Triangle,NACC,877,"Florida Ave., Between Q & West Of North Capitol St.",1,,NPS,277,,37.4142407822606,52.6535754936262,0000,,0000,RES 02770000,
356,Nps_424,East Potomac Park,NACC,805,"Hains Pt. Below Long Railroad Bridge, SW",9,,NPS,333,East Potomac Park,7099.3277456875,1534639.07699249,PAR ,,0005,PAR 03160005,0316
357,Nps_371,"The Mall, Smithsonian Grounds",NACC,802,"12th To 9th Sts NW & Constitution Ave., NW To Independence Ave.",1,,NPS,003,The National Mall,6629.89855714682,370692.938494085,PAR ,,0006,PAR 03160006,0316
358,Nps_519,Rock Creek & Potomac Parkway,ROCR,844,"Along Rock Creek, Between Zoo & Theodore Roosevelt Bridge","2, 6, 8",,NPS,360,Rock Creek & Potomac Parkway,13589.1255043196,723644.634055238,0000,,0000,RES 03600000,
359,Nps_517,Curb Parking,ROCR,878,"Jenifer & 41st St., At Belt Rd., NW",8,,NPS,326C,,87.9370230910388,349.502154390604,1741,,0815,1741    0815,
360,Nps_501,Buzzard Point,NACE,893,"Anacostia River, Between 1st & Water Sts., SW",6,,NPS,629,Buzzard Point,410.842698096063,8799.20175127449,0667,S,0804,0667S   0804,
361,Nps_497,Bald Eagle Hill,NACE,832,"Giesboro Rd. & Southern Ave., SW",6,,NPS,561,Bald Eagle Hill,1543.72224085908,88632.2262323209,0000,,0000,RES 05610000,
362,Nps_540,Baltimore Washington Parkway,NACE,842,DC Line To Md Rt. 176,9,,NPS,688,Baltimore Washington Parkway,686.922434057051,19156.9132303853,0000,,0000,RES 06880000,
363,Nps_006,Fort Stevens Park,ROCR,889,"13th St., Between Piney Branch Rd. & Rittenhouse St., NW","5, 6",,NPS,358,Fort Stevens Park,400.933497826111,11222.1883975874,"2939,2940",,0000,RES 03580000,
364,Nps_008,Fort Circle Park,ROCR,832,"Fort Stevens Park To Fort Slocum Park, NW","6, 8",,NPS,494,Fort Circle Park,169.583000030997,1383.23100514038,"2939,2940",,0000,RES 03580000,
365,Nps_483,Battery Ricketts,NACE,832,"Fort Pl. Between Pearson & Bruce Pl., SE",6,,NPS,575,Battery Ricketts,861.206362957249,40586.3663936152,5745,,0060,5745    0060,
366,Nps_402,Triangle,NACE,840,"Pennsylvania Ave., Between 5th & C Sts.SE",1,,NPS,041,,238.335432915987,1633.42597222495,0819,S,0000,RES 00390000,
367,Nps_395,Triangle,NACE,840,"Pennsylvania Ave., Between 5th & C Sts.SE",1,,NPS,040,,242.253970995109,1650.16193492924,0819,S,0000,RES 00400000,
368,Nps_386,"Anacostia Park, Section F",NACE,831,"Anacostia River, Between Benning & Railroad Bridges","6, 9",,NPS,343F,Anacostia Park,712.625265756733,31052.66662147,1121,,0802,1121    0802,
369,Nps_305,Triangle,NACE,877,"Maryland Ave., & G st. East Of 13th St.,, NE",1,,NPS,212,,30.3382203377662,40.5764005507431,0000,,0000,RES 02120000,
370,Nps_300,Triangle (Juarez Statue Site),NACC,875,New Hampshire & Virginia Aves. To 25th & G Sts. NW,1,,NPS,134,,100.330584124692,458.521658092325,"0008,0017","E,S",0000,RES 01340000,
371,Nps_140,Park,ROCR,836,"Garfield St., Between Fulton St. & Foxhall Rd., NW","6, 8",,NPS,529,,862.30337137303,27143.992828957,"1339,1340,1381,1615",,0000,RES 05290000,
372,Nps_138,Park,ROCR,836,"Garfield St., Between Fulton St. & Foxhall Rd., NW","6, 8",,NPS,529,,931.56427778673,30058.1248098703,"1339,1340,1381,1615",,0000,RES 05290000,
373,Nps_115,Fort Circle Park,ROCR,832,"Palisades Park to American University, NW",6,,NPS,530,Fort Circle Park,3303.37219189699,211486.222202399,PAR ,,0002,PAR 03030002,0303
374,Nps_121,Battery Kemble Park,ROCR,884,"Chain Bridge Rd., South Of Nebraska Av. & Little Falls Rd.",6,,NPS,521,Battery Kemble Park,460.206394841241,12079.0642746899,PAR ,,0002,PAR 03030002,0303
375,Nps_095,Ward Circle,ROCR,893,"Massachusetts & Nebraska Aves., NW",8,,NPS,572,,134.832005946848,533.576300438881,0000,,0000,RES 05720000,
376,Nps_096,Ward Circle,ROCR,893,"Massachusetts & Nebraska Aves., NW",8,,NPS,572,Ward Circle,174.667591956791,2019.61282681971,0000,,0000,RES 05720000,
377,Nps_228,Potomac Palisades Parkway,ROCR,847,"Key Bridge To DC Line, NW","5, 6, 7, 8, 9",,NPS,404,,1887.07222132023,35466.9617323881,0000,,0000,RES 04040000,
378,Nps_126,Potomac Palisades Parkway,CHOH,847,"Key Bridge To DC Line, NW","5, 6, 7, 8, 9",,NPS,404,Potomac Palisades Parkway,13320.2242224037,849353.987782295,0000,,0000,RES 04040000,
379,Nps_160,Potomac Palisades Parkway,ROCR,847,"Key Bridge To DC Line, NW","5, 6, 7, 8, 9",,NPS,404,,1340.30907413445,10119.231768015,0000,,0000,RES 04040000,
380,Nps_142,Chesapeake & Ohio Canal National Historical Park,CHOH,412, , ,,NPS,404,,187.432397673637,1267.1662347648,0000,,0000,RES 04040000,
381,Nps_122,"Clara Barton Parkway, Maryland",GWMP,851,"DC Line To Great Falls, MD","6, 9",,NPS,404M2,Clara Barton Parkway,1532.1862815143,35214.9543567332,0000,,0000,RES 04040000,
382,Nps_108,Chesapeake & Ohio Canal National Historical Park,CHOH,412, , ,,NPS,404,Chesapeake & Ohio Canal National Historical Park,2535.62886931218,282859.788215996,0000,,0000,RES 04040000,
383,Nps_118,Woodley Park,ROCR,893,"Cortland Pl. & Devonshire Pl ., NW","6, 8",,NPS,635,Woodley Park,860.30783749946,12259.6282341533,2103,,0804,2103    0804,
384,Nps_254,Chesapeake & Ohio Canal National Historical Park,CHOH,412,From Rock Creek and Potomac Parkway Along Potomac River To DC Line,4,,NPS,404,,191.525579079444,1778.03553541463,0000,,0000,RES 04040000,
385,Nps_253,Chesapeake & Ohio Canal National Historical Park,CHOH,412,From Rock Creek and Potomac Parkway Along Potomac River To DC Line,4,,NPS,404,,185.257962813669,1344.34790369224,0000,,0000,RES 04040000,
386,Nps_252,Chesapeake & Ohio Canal National Historical Park,CHOH,412,From Rock Creek and Potomac Parkway Along Potomac River To DC Line,4,,NPS,404,,285.219363426182,2796.56110330779,0000,,0000,RES 04040000,
387,Nps_251,Chesapeake & Ohio Canal National Historical Park,CHOH,412,From Rock Creek and Potomac Parkway Along Potomac River To DC Line,4,,NPS,404,Chesapeake & Ohio Canal National Historical Park,1284.26901818799,14900.4797366628,0000,,0000,RES 04040000,
388,Nps_249,Potomac Palisades Parkway,CHOH,847,"Key Bridge To DC Line, NW","5, 6, 7, 8, 9",,NPS,404,,328.431374702152,5759.54451371966,0000,,0000,RES 04040000,
389,Nps_153,Potomac Palisades Parkway,ROCR,847,"Key Bridge To DC Line, NW","5, 6, 7, 8, 9",,NPS,404,Potomac Palisades Parkway,5202.38288916174,107758.481800729,0000,,0000,RES 04040000,
390,Nps_129,Woodley Park,ROCR,893,"Cortland Pl. & Devonshire Pl ., NW","6, 8",,NPS,635,,211.751818564903,1018.84462086539,"2084,2103,2214,2215,2216",,0000,RES 03560000,
391,Nps_545,Rock Creek Park & Piney Branch Parkway,ROCR,821,"Klingle Rd. To DC Line, West Of 16th St., NW","5,6,7,8",,NPS,339,Rock Creek Park & Piney Branch Parkway,55996.0362252922,6840971.69903746,"2084,2103,2214,2215,2216",,0000,RES 03560000,
392,Nps_141,Potomac Palisades Parkway,ROCR,847,"Key Bridge To DC Line, NW","5, 6, 7, 8, 9",,NPS,404,Potomac Palisades Parkway,2828.27606461431,71039.7692251102,1412,,0824,1412    0824,
393,Nps_542,Baltimore Washington Parkway,NACE,842,DC Line To Md Rt. 176,9,,NPS,688,Baltimore Washington Parkway,1592.67616588567,48256.4532408178,0000,,0000,RES 343G0000,
394,Nps_506,"Anacostia Park, Section G",NACE,831,Anacostia River (both Banks) Between DC Line & Benning Rd.,"6, 9",,NPS,343G,Anacostia Park,4851.41543393556,199847.445056828,0000,,0000,RES 343G0000,
395,Nps_541,"Anacostia Park, Section G",NACE,831,Anacostia River (both Banks) Between DC Line & Benning Rd.,"6, 9",,NPS,343G,Anacostia Park,13030.5649581455,1371544.73581028,0000,,0000,RES 343G0000,
396,Nps_175,"Anacostia Park, Section G",NACE,831,Anacostia River (both Banks) Between DC Line & Benning Rd.,"6, 9",,NPS,343G,Anacostia Park,1123.13715001374,20391.8049269337,0000,,0000,RES 343G0000,
397,Nps_182,"Anacostia Park, Section G",NACE,831,Anacostia River (both Banks) Between DC Line & Benning Rd.,"6, 9",,NPS,343G,Anacostia Park,290.723667621481,2918.08089412257,0000,,0000,RES 343G0000,
398,Nps_183,"Anacostia Park, Section G",NACE,831,Anacostia River (both Banks) Between DC Line & Benning Rd.,"6, 9",,NPS,343G,Anacostia Park,70.0887589227684,336.533535042342,0000,,0000,RES 343G0000,
399,Nps_185,"Anacostia Park, Section G",NACE,831,Anacostia River (both Banks) Between DC Line & Benning Rd.,"6, 9",,NPS,343G,Anacostia Park,198.895849363675,1153.01770687944,0000,,0000,RES 343G0000,
400,Nps_207,"Anacostia Park, Section G",NACE,831,Anacostia River (both Banks) Between DC Line & Benning Rd.,"6, 9",,NPS,343G,Anacostia Park,8049.69509699018,668119.420629201,0000,,0000,RES 343G0000,
401,Nps_220,"Anacostia Park, Section G",NACE,831,Anacostia River (both Banks) Between DC Line & Benning Rd.,"6, 9",,NPS,343G,Anacostia Park,525.209162073827,9583.77762273805,0000,,0000,RES 343G0000,
402,Nps_240,"Anacostia Park, Section G",NACE,831,Anacostia River (both Banks) Between DC Line & Benning Rd.,"6, 9",,NPS,343G,Anacostia Park,298.076098150399,4485.37655183615,0000,,0000,RES 343G0000,
403,Nps_267,"Anacostia Park, Section G",NACE,831,Anacostia River (both Banks) Between DC Line & Benning Rd.,"6, 9",,NPS,343G,Anacostia Park,593.517504090319,12568.1932177116,0000,,0000,RES 343G0000,
404,Nps_189,Brentwood Park (Patterson Tract),NACC,849,"6th st., Between New York & Florida Aves., NE",6,,NPS,495,Brentwood Park,1117.23010094649,72996.5175373664,3594,,0000,RES 04950000,
405,Nps_173,Brentwood Park (Patterson Tract),NACC,849,"6th st., Between New York & Florida Aves., NE",6,,NPS,495,Brentwood Park,707.989793953964,19252.4866414781,3594,,0000,RES 04950000,
406,Nps_290,Fort Circle Park,NACE,832,"Anacostia Park To Fort Mahan Park, NE","6, 8",,NPS,523,Fort Circle Park,182.88035415113,929.033888303223,"5071,5076,5077,5094",E,0000,RES 05230000,
407,Nps_289,Fort Circle Park,NACE,832,"Anacostia Park To Fort Mahan Park, NE","6, 8",,NPS,523,Fort Circle Park,292.210429248409,2412.71621557349,"5071,5076,5077,5094",E,0000,RES 05230000,
408,Nps_298,Fort Circle Park,NACE,832,"Anacostia Park To Fort Mahan Park, NE","6, 8",,NPS,523,Fort Circle Park,298.704603001475,2452.65020403268,"5071,5076,5077,5094",E,0000,RES 05230000,
409,Nps_302,Fort Circle Park,NACE,832,"Anacostia Park To Fort Mahan Park, NE","6, 8",,NPS,523,Fort Circle Park,243.840501055121,1783.74569862621,"5071,5076,5077,5094",E,0000,RES 05230000,
410,Nps_382,"Anacostia Park, Section F",NACE,831,"Anacostia River, Between Benning & Railroad Bridges","6, 9",,NPS,343F,Anacostia Park,508.325884070004,12476.1950017522,0000,,0000,RES 343F0000,
411,Nps_509,"West Potomac Park, Lincoln Mem., Viet. Vet. Mem., FDR Mem",NACC,801,"Constitution Ave., Between 17th st. & the Potomac River",9,,NPS,332,National Mall & Memorial Parks,5759.3165677561,1024389.08538885,0000,,0000,RES 03320000,
412,Nps_351,Fort Circle Park,NACE,832,"Fort Mahan Park To Fort Dupont Park, SE",6,,NPS,500,Fort Circle Park,1599.24565095785,44887.8589562446,"5083,5084,5396,5397,5398,5400,5403,5407",,0000,RES 05000000,
413,Nps_385,Fort Circle Park,NACE,832,"Fort Mahan Park To Fort Dupont Park, SE",6,,NPS,500,Fort Circle Park,1273.36433429662,50632.8817681867,"5083,5084,5396,5397,5398,5400,5403,5407",,0000,RES 05000000,
414,Nps_396,Fort Circle Park,NACE,832,"Fort Mahan Park To Fort Dupont Park, SE",6,,NPS,500,Fort Circle Park,1654.5340765529,72260.2917933277,"5083,5084,5396,5397,5398,5400,5403,5407",,0000,RES 05000000,
415,Nps_414,Fort Dupont Park,NACE,883,"Minnesota & Massachusetts Aves., SE","5, 6, 7, 10",,NPS,405,Fort Dupont Park,5242.10851851955,1480317.47833614,MULTI-SQUARES & PARCELS,,0000,RES 04050000,
416,Nps_467,Fort Circle Park,NACE,832,"Fort Dupont To Fort Stanton Park, SE","6, 8",,NPS,518,Fort Circle Park,2120.49779942573,91782.5661795131,MULTI-SQUARES & PARCELS,,0000,RES 05180000,
417,Nps_471,Fort Circle Park,NACE,832,"Fort Dupont To Fort Stanton Park, SE","6, 8",,NPS,518,Fort Circle Park,1739.42594314439,119968.464911673,MULTI-SQUARES & PARCELS,,0000,RES 05180000,
418,Nps_470,Fort Circle Park,NACE,832,"Fort Dupont To Fort Stanton Park, SE","6, 8",,NPS,518,Fort Circle Park,2072.42083979698,131960.668245322,MULTI-SQUARES & PARCELS,,0000,RES 05180000,
419,Nps_475,Fort Circle Park,NACE,832,"Fort Dupont To Fort Stanton Park, SE","6, 8",,NPS,518,Fort Circle Park,1482.57121748556,71724.1707980111,MULTI-SQUARES & PARCELS,,0000,RES 05180000,
420,Nps_477,Fort Circle Park,NACE,832,"Fort Dupont To Fort Stanton Park, SE","6, 8",,NPS,518,Fort Circle Park,152.010384632875,1099.44029552485,MULTI-SQUARES & PARCELS,,0000,RES 05180000,
421,Nps_480,Fort Circle Park,NACE,832,"Fort Dupont To Fort Stanton Park, SE","6, 8",,NPS,518,Fort Circle Park,1560.86312008728,98854.23296136,MULTI-SQUARES & PARCELS,,0000,RES 05180000,
422,Nps_482,Fort Circle Park,NACE,832,"Fort Dupont To Fort Stanton Park, SE","6, 8",,NPS,518,Fort Circle Park,517.079165830607,16057.5613414301,5740,,0032,5740    0032,
423,Nps_491,Oxon Run Parkway,NACE,856,"Mississippi Ave., Between 1st St. & Southern Ave., SE",6,,NPS,501,Oxon Run Parkway,4075.17599341665,398618.533991262,0000,,0000,RES 05010000,
424,Nps_481,Fort Stanton Park,NACE,888,"North Of Erie St., Between Pearson Pl. & 16th Sts., SE","5, 6, 8",,NPS,412,Fort Stanton Park,2880.13221119234,213000.848914326,"5744,5749,5751,5752,5755,5778,5797,5815,5818,5819",,,RES 04120000,
425,Nps_488,Fort Circle Park,NACE,832,"Fort Stanton Park To St. Elizabeth Hospital, SE","6, 9",,NPS,519,Fort Circle Park,662.169154205547,13053.3001002705,"5744,5819,5833,5834,5876,5880,5884",,,RES 05190000,
426,Nps_484,Fort Circle Park,NACE,832,"Fort Stanton Park To St. Elizabeth Hospital, SE","6, 9",,NPS,519,Fort Circle Park,1154.03365768499,64402.477420652,"5744,5819,5833,5834,5876,5880,5884",,,RES 05190000,
427,Nps_485,Fort Circle Park,NACE,832,"Fort Stanton Park To St. Elizabeth Hospital, SE","6, 9",,NPS,519,Fort Circle Park,1561.72724697716,45093.9656925037,"5744,5819,5833,5834,5876,5880,5884",,,RES 05190000,
428,Nps_025,Fort Circle Park,ROCR,832,"Fort Stevens Park To Fort Slocum Park, NW","6, 8",,NPS,494,Fort Circle Park,429.638465298752,4835.44737158375,MULTI-SQUARES & PARCELS,,0000,RES 04940000,
429,Nps_120,Fort Circle Park,ROCR,832,"Barnard Hill To Ft. Lincoln, NE",6,,NPS,520,Fort Circle Park,320.697421750413,3403.99816182464,4303,,0000,RES 05200000,
430,,,,,,<Null>,,,,,537.725539439664,17951.2680478382,1818,,0849,1818    0849,
431,,,ROCR,,"South Dakota Ave., between 24th St. & Rhode Island Ave., NE
",<Null>,,NPS,313B,,119.265260472428,648.109562475893,0000,,0000,RES 313B0000,
432,,,ROCR,,"Harewood Rd., between 4th St. & Michigan Ave., NE",<Null>,,NPS,614,,67.920971610009,176.00539314567,0000,,0000,RES 06140000,
433,,,,,"New Hampshire Ave. & 15th St., south of W St., NW
",<Null>,,NPS,148,,30.4518832292228,42.7605535499759,0000,,0000,RES 01480000,
434,,,NAMA,,"Louisiana Ave., C & 1st Sts., NW",<Null>,,NPS,727,,98.4022434344452,445.633560945876,0633,,0000,RES 07270000,
435,,,NAMA,,"D St., Louisiana & New Jersey Aves., NW",<Null>,,NPS,728,,189.915549741225,1637.40794087125,0632,,0000,RES 07280000,
436,,,NAMA,,"1901 Maryland Ave., between 12th & D Sts., SW",<Null>,,NPS,197,,121.167462055376,450.905985168116,0000,,0000,RES 01970000,
437,,,NAMA,,"Virginia Ave., between Delaware Ave. & E St., NW",<Null>,,NPS,120,,78.5113891195468,132.888565656371,0000,,0000,RES 01200000,
438,,,,,"South Capitol St., between Washington Ave. (Canal St.) and E St., SW
",<Null>,,NPS,6G,,115.910866430479,590.717682679481,0000,,0000,RES 006G0000,
439,,,,,"North Carolina Ave., between E St. & east of 1st St., SE",<Null>,1969-01-30T00:00:00.000Z,NPS,229,,188.651419846905,828.352380322144,0000,,0000,RES 02290000,
440,,,,,"Washington Ave. (Canal St.), between D & South Capitol Sts., NW",<Null>,,NPS,6F,,598.62859625988,3604.98612725514,0640,,0000,RES 006F0000,
441,,,,,"1901 Washington Ave. (Canal St.) & New Jersey Ave., SE",<Null>,,NPS,289,,89.5982677337449,429.519801247699,0000,,0000,RES 02890000,
442,,Randle Circle,,,"Massachusetts Ave., Minnesota Ave., and 32nd St., SE",<Null>,,NPS,726,Randle Circle,497.421340995024,7089.39920728611,0000,,0000,RES 07260000,
443,,,,,"1901 Maryland Ave., between 10th & D Sts., SW",<Null>,,NPS,198,,161.944504975132,840.858091650851,0352,,0000,RES 01980000,
444,,,,,,<Null>,,NPS,,,81.7019884389373,322.572531978056,6120,N,0801,6120N   0801,
445,,,,,,<Null>,,NPS,,,1524.1890289958,123798.357023401,PAR ,,0025,PAR 01630025,0163
446,,,,,,<Null>,,NPS,,,63.4208450183665,162.727956268288,5298,,0803,5298    0803,
447,,,,,,<Null>,,NPS,,,126.618022009819,471.840873509632,5297,,0803,5297    0803,
448,,,,,,<Null>,,NPS,,,79.1481660476295,285.588134158209,5296,,0810,5296    0810,
449,,,,,,<Null>,,NPS,,,96.2683514574007,478.051305799657,5287,,0803,5287    0803,
450,,,,,,<Null>,,NPS,,,57.7823764704686,137.917110946223,5295,,0812,5295    0812,
451,,,,,,<Null>,,NPS,,,69.7168535805245,199.172107559785,5295,,0813,5295    0813,
452,,,,,,<Null>,,NPS,,,2696.36232869122,67885.8798108504,PAR ,,0081,PAR 01730081,0173
453,,United States National Arboretum,,,3501 NEW YORK AVENUE NE,<Null>,,NPS,,United States National Arboretum,8306.19231431732,1701987.98526411,0000,,0016,PAR 01620016,0162
454,,,,,,<Null>,,NPS,,,1239.32373642904,86119.9623403473,0000,,0147,PAR 01730147,0173
455,Nps_373,The Mall,NACC,802,"7th To 6th St. NW & Constitution Ave., To Independence Avenue, SW","1, 7, 9",,NPS,04 & 5,The National Mall,4922.5768830925,235180.473619288,PAR ,,0007,PAR 03160007,0316
456,,Oxon Run Park,NACE,,"Mississippi Ave., Between 1st St. & Southern Ave., SE",6,,,,Oxon Run Park,1105.93775571682,28980.8544289005,,,,RES 05010000,
457,Nps_234,Thomas Circle,NACC,828,"Massachusetts & Vermont Aves., NW",1,,,066,Thomas Circle,206.755953191337,3401.77967783285,,,,RES 00660000,
